메뉴명,구분,가격(원),제철(월),1회제공량(g),HOT여부(Y/N),Kcal,탄수화물(g),단백질(g),지방(g),중복방지태그,알러지번호
쌀밥,rice,470,,200,N,306,65,6,2,쌀밥,
현미밥,rice,510,,200,N,280,65,6,2,현미밥,
흑미밥,rice,530,,200,N,275,65,6,2,흑미밥,
잡곡밥,rice,490,,200,N,281,65,6,2,잡곡밥,
보리밥,rice,470,,200,N,321,65,6,2,보리밥,
기장밥,rice,520,,200,N,279,65,6,2,기장밥,
차조밥,rice,480,,200,N,286,65,6,2,차조밥,
수수밥,rice,490,,200,N,280,65,6,2,수수밥,
콩밥,rice,520,,200,N,311,65,6,2,콩밥,
완두콩밥,rice,540,,200,N,319,65,6,2,완두콩밥,
팥밥,rice,510,,200,N,302,65,6,2,팥밥,
영양굴밥,rice,530,,200,N,296,65,6,2,영양굴밥,
콩나물밥,rice,490,,200,N,290,65,6,2,콩나물밥,
무밥,rice,530,,200,N,307,65,6,2,무밥,
버섯밥,rice,450,,200,N,273,65,6,2,버섯밥,
곤드레밥,rice,450,,200,N,299,65,6,2,곤드레밥,
취나물밥,rice,540,,200,N,317,65,6,2,취나물밥,
우엉밥,rice,540,,200,N,308,65,6,2,우엉밥,
연잎밥,rice,500,,200,N,327,65,6,2,연잎밥,
대나무통밥,rice,470,,200,N,294,65,6,2,대나무통밥,
김치볶음밥,rice,1610,,250,N,471,70,10,15,김치볶음밥,
새우볶음밥,rice,1490,,250,N,469,70,10,15,새우볶음밥,
계란볶음밥,rice,1630,,250,N,484,70,10,15,계란볶음밥,
햄야채볶음밥,rice,1480,,250,N,411,70,10,15,햄야채볶음밥,
마늘볶음밥,rice,1580,,250,N,472,70,10,15,마늘볶음밥,
카레볶음밥,rice,1570,,250,N,465,70,10,15,카레볶음밥,
소고기볶음밥,rice,1530,,250,N,480,70,10,15,소고기볶음밥,
베이컨볶음밥,rice,1460,,250,N,490,70,10,15,베이컨볶음밥,
참치볶음밥,rice,1370,,250,N,482,70,10,15,참치볶음밥,
날치알볶음밥,rice,1480,,250,N,421,70,10,15,날치알볶음밥,
게살볶음밥,rice,1520,,250,N,412,70,10,15,게살볶음밥,
파인애플볶음밥,rice,1440,,250,N,485,70,10,15,파인애플볶음밥,
나시고랭,rice,1450,,250,N,435,70,10,15,나시고랭,
마라볶음밥,rice,1520,,250,Y,473,70,10,15,마라볶음밥,
제육덮밥,rice,2090,,350,N,612,85,15,20,제육덮밥,
오징어덮밥,rice,2070,,350,N,556,85,15,20,오징어덮밥,
낙지덮밥,rice,2040,,350,N,642,85,15,20,낙지덮밥,
불고기덮밥,rice,2070,,350,N,613,85,15,20,불고기덮밥,
마파두부덮밥,rice,2120,,350,N,629,85,15,20,마파두부덮밥,
카레라이스,rice,2020,,350,N,565,85,15,20,카레라이스,
하이라이스,rice,1980,,350,N,544,85,15,20,하이라이스,
짜장밥,rice,1930,,350,N,579,85,15,20,짜장밥,
마파두부밥,rice,1910,,350,N,561,85,15,20,마파두부밥,
잡채밥,rice,1820,,350,N,565,85,15,20,잡채밥,
유산슬밥,rice,2040,,350,N,606,85,15,20,유산슬밥,
새우볶음밥,rice,2120,,350,N,565,85,15,20,새우볶음밥,
가츠동,rice,1990,,350,Y,649,85,15,20,가츠동,
규동,rice,2170,,350,N,653,85,15,20,규동,
오야꼬동,rice,1870,,350,N,593,85,15,20,오야꼬동,
텐동,rice,2180,,350,Y,626,85,15,20,텐동,
마요덮밥(참치),rice,2010,,350,N,550,85,15,20,마요덮밥(참치),
마요덮밥(스팸),rice,1890,,350,N,649,85,15,20,마요덮밥(스팸),
봄동비빔밥,rice,2080,,350,Y,631,85,15,20,봄동비빔밥,
산채비빔밥,rice,1810,,350,N,542,85,15,20,산채비빔밥,
육회비빔밥,rice,1860,,350,N,659,85,15,20,육회비빔밥,
돌솥비빔밥,rice,2000,,350,N,585,85,15,20,돌솥비빔밥,
새싹비빔밥,rice,2010,,350,N,649,85,15,20,새싹비빔밥,
쌀밥,rice,530,,200,N,299,65,6,2,쌀밥,
현미밥,rice,460,,200,N,279,65,6,2,현미밥,
흑미밥,rice,460,,200,N,308,65,6,2,흑미밥,
잡곡밥,rice,530,,200,N,310,65,6,2,잡곡밥,
보리밥,rice,530,,200,N,319,65,6,2,보리밥,
기장밥,rice,490,,200,N,277,65,6,2,기장밥,
차조밥,rice,520,,200,N,284,65,6,2,차조밥,
수수밥,rice,540,,200,N,310,65,6,2,수수밥,
콩밥,rice,530,,200,N,323,65,6,2,콩밥,
완두콩밥,rice,510,,200,N,279,65,6,2,완두콩밥,
팥밥,rice,460,,200,N,309,65,6,2,팥밥,
영양굴밥,rice,450,,200,N,290,65,6,2,영양굴밥,
콩나물밥,rice,520,,200,N,311,65,6,2,콩나물밥,
무밥,rice,540,,200,N,277,65,6,2,무밥,
버섯밥,rice,450,,200,N,291,65,6,2,버섯밥,
곤드레밥,rice,490,,200,N,320,65,6,2,곤드레밥,
취나물밥,rice,520,,200,N,309,65,6,2,취나물밥,
우엉밥,rice,490,,200,N,294,65,6,2,우엉밥,
연잎밥,rice,450,,200,N,328,65,6,2,연잎밥,
대나무통밥,rice,510,,200,N,292,65,6,2,대나무통밥,
김치볶음밥,rice,1500,,250,N,419,70,10,15,김치볶음밥,
새우볶음밥,rice,1600,,250,N,462,70,10,15,새우볶음밥,
계란볶음밥,rice,1520,,250,N,438,70,10,15,계란볶음밥,
햄야채볶음밥,rice,1390,,250,N,424,70,10,15,햄야채볶음밥,
마늘볶음밥,rice,1370,,250,N,454,70,10,15,마늘볶음밥,
카레볶음밥,rice,1370,,250,N,476,70,10,15,카레볶음밥,
소고기볶음밥,rice,1350,,250,N,418,70,10,15,소고기볶음밥,
베이컨볶음밥,rice,1510,,250,N,418,70,10,15,베이컨볶음밥,
참치볶음밥,rice,1420,,250,N,458,70,10,15,참치볶음밥,
날치알볶음밥,rice,1390,,250,N,473,70,10,15,날치알볶음밥,
게살볶음밥,rice,1590,,250,N,480,70,10,15,게살볶음밥,
파인애플볶음밥,rice,1430,,250,N,473,70,10,15,파인애플볶음밥,
나시고랭,rice,1500,,250,N,437,70,10,15,나시고랭,
마라볶음밥,rice,1460,,250,Y,469,70,10,15,마라볶음밥,
제육덮밥,rice,2110,,350,N,617,85,15,20,제육덮밥,
오징어덮밥,rice,1940,,350,N,586,85,15,20,오징어덮밥,
낙지덮밥,rice,1990,,350,N,618,85,15,20,낙지덮밥,
불고기덮밥,rice,2040,,350,N,563,85,15,20,불고기덮밥,
마파두부덮밥,rice,1870,,350,N,647,85,15,20,마파두부덮밥,
카레라이스,rice,2140,,350,N,630,85,15,20,카레라이스,
하이라이스,rice,1950,,350,N,589,85,15,20,하이라이스,
짜장밥,rice,2110,,350,N,653,85,15,20,짜장밥,
마파두부밥,rice,2000,,350,N,656,85,15,20,마파두부밥,
잡채밥,rice,2110,,350,N,579,85,15,20,잡채밥,
유산슬밥,rice,2190,,350,N,613,85,15,20,유산슬밥,
새우볶음밥,rice,1860,,350,N,609,85,15,20,새우볶음밥,
가츠동,rice,2000,,350,Y,552,85,15,20,가츠동,
규동,rice,2130,,350,N,548,85,15,20,규동,
오야꼬동,rice,1850,,350,N,574,85,15,20,오야꼬동,
텐동,rice,2050,,350,Y,595,85,15,20,텐동,
마요덮밥(참치),rice,2050,,350,N,556,85,15,20,마요덮밥(참치),
마요덮밥(스팸),rice,2100,,350,N,630,85,15,20,마요덮밥(스팸),
봄동비빔밥,rice,1810,,350,Y,571,85,15,20,봄동비빔밥,
산채비빔밥,rice,1940,,350,N,583,85,15,20,산채비빔밥,
육회비빔밥,rice,1980,,350,N,614,85,15,20,육회비빔밥,
돌솥비빔밥,rice,1860,,350,N,601,85,15,20,돌솥비빔밥,
새싹비빔밥,rice,2160,,350,N,657,85,15,20,새싹비빔밥,
쌀밥,rice,500,,200,N,288,65,6,2,쌀밥,
현미밥,rice,480,,200,N,328,65,6,2,현미밥,
흑미밥,rice,510,,200,N,327,65,6,2,흑미밥,
잡곡밥,rice,490,,200,N,292,65,6,2,잡곡밥,
보리밥,rice,450,,200,N,293,65,6,2,보리밥,
기장밥,rice,540,,200,N,327,65,6,2,기장밥,
차조밥,rice,540,,200,N,315,65,6,2,차조밥,
수수밥,rice,470,,200,N,309,65,6,2,수수밥,
콩밥,rice,450,,200,N,273,65,6,2,콩밥,
완두콩밥,rice,540,,200,N,315,65,6,2,완두콩밥,
팥밥,rice,510,,200,N,316,65,6,2,팥밥,
영양굴밥,rice,520,,200,N,305,65,6,2,영양굴밥,
콩나물밥,rice,480,,200,N,295,65,6,2,콩나물밥,
무밥,rice,450,,200,N,294,65,6,2,무밥,
버섯밥,rice,510,,200,N,307,65,6,2,버섯밥,
곤드레밥,rice,540,,200,N,289,65,6,2,곤드레밥,
취나물밥,rice,470,,200,N,311,65,6,2,취나물밥,
우엉밥,rice,490,,200,N,306,65,6,2,우엉밥,
연잎밥,rice,530,,200,N,274,65,6,2,연잎밥,
대나무통밥,rice,460,,200,N,290,65,6,2,대나무통밥,
김치볶음밥,rice,1520,,250,N,482,70,10,15,김치볶음밥,
새우볶음밥,rice,1520,,250,N,494,70,10,15,새우볶음밥,
계란볶음밥,rice,1510,,250,N,456,70,10,15,계란볶음밥,
햄야채볶음밥,rice,1470,,250,N,411,70,10,15,햄야채볶음밥,
마늘볶음밥,rice,1550,,250,N,435,70,10,15,마늘볶음밥,
카레볶음밥,rice,1530,,250,N,482,70,10,15,카레볶음밥,
소고기볶음밥,rice,1420,,250,N,470,70,10,15,소고기볶음밥,
베이컨볶음밥,rice,1420,,250,N,455,70,10,15,베이컨볶음밥,
참치볶음밥,rice,1520,,250,N,494,70,10,15,참치볶음밥,
날치알볶음밥,rice,1400,,250,N,454,70,10,15,날치알볶음밥,
게살볶음밥,rice,1630,,250,N,492,70,10,15,게살볶음밥,
파인애플볶음밥,rice,1460,,250,N,490,70,10,15,파인애플볶음밥,
나시고랭,rice,1440,,250,N,440,70,10,15,나시고랭,
마라볶음밥,rice,1540,,250,Y,409,70,10,15,마라볶음밥,
제육덮밥,rice,2170,,350,N,659,85,15,20,제육덮밥,
오징어덮밥,rice,1970,,350,N,564,85,15,20,오징어덮밥,
낙지덮밥,rice,1920,,350,N,632,85,15,20,낙지덮밥,
불고기덮밥,rice,2080,,350,N,642,85,15,20,불고기덮밥,
마파두부덮밥,rice,2000,,350,N,581,85,15,20,마파두부덮밥,
카레라이스,rice,1860,,350,N,596,85,15,20,카레라이스,
하이라이스,rice,2010,,350,N,544,85,15,20,하이라이스,
짜장밥,rice,2060,,350,N,638,85,15,20,짜장밥,
마파두부밥,rice,2160,,350,N,654,85,15,20,마파두부밥,
잡채밥,rice,2070,,350,N,623,85,15,20,잡채밥,
유산슬밥,rice,1830,,350,N,553,85,15,20,유산슬밥,
새우볶음밥,rice,2190,,350,N,646,85,15,20,새우볶음밥,
가츠동,rice,1990,,350,Y,603,85,15,20,가츠동,
규동,rice,2100,,350,N,573,85,15,20,규동,
오야꼬동,rice,1820,,350,N,636,85,15,20,오야꼬동,
텐동,rice,2190,,350,Y,596,85,15,20,텐동,
마요덮밥(참치),rice,2100,,350,N,619,85,15,20,마요덮밥(참치),
마요덮밥(스팸),rice,2120,,350,N,577,85,15,20,마요덮밥(스팸),
봄동비빔밥,rice,1980,,350,Y,586,85,15,20,봄동비빔밥,
산채비빔밥,rice,1920,,350,N,621,85,15,20,산채비빔밥,
육회비빔밥,rice,2030,,350,N,605,85,15,20,육회비빔밥,
돌솥비빔밥,rice,2070,,350,N,606,85,15,20,돌솥비빔밥,
새싹비빔밥,rice,2000,,350,N,588,85,15,20,새싹비빔밥,
된장찌개,soup,850,,250,N,145,10,8,5,된장찌개,
김치찌개,soup,810,,250,N,164,10,8,5,김치찌개,
순두부찌개,soup,810,,250,N,139,10,8,5,순두부찌개,
부대찌개,soup,870,,250,N,158,10,8,5,부대찌개,
동태찌개,soup,780,,250,N,145,10,8,5,동태찌개,
참치김치찌개,soup,800,,250,N,140,10,8,5,참치김치찌개,
돼지고기김치찌개,soup,860,,250,N,137,10,8,5,돼지고기김치찌개,
차돌된장찌개,soup,810,,250,N,148,10,8,5,차돌된장찌개,
해물된장찌개,soup,730,,250,N,153,10,8,5,해물된장찌개,
청국장,soup,730,,250,N,142,10,8,5,청국장,
비지찌개,soup,790,,250,N,159,10,8,5,비지찌개,
고추장찌개,soup,830,,250,N,161,10,8,5,고추장찌개,
애호박찌개,soup,860,,250,N,146,10,8,5,애호박찌개,
콩나물국,soup,540,,250,N,84,10,5,2,콩나물국,
무국,soup,480,,250,N,73,10,5,2,무국,
소고기무국,soup,450,,250,N,81,10,5,2,소고기무국,
미역국,soup,450,,250,N,86,10,5,2,미역국,
소고기미역국,soup,460,,250,N,87,10,5,2,소고기미역국,
홍합미역국,soup,470,,250,N,75,10,5,2,홍합미역국,
조개미역국,soup,530,,250,N,85,10,5,2,조개미역국,
황태국,soup,540,,250,N,78,10,5,2,황태국,
북어국,soup,540,,250,N,72,10,5,2,북어국,
시금치국,soup,510,,250,N,81,10,5,2,시금치국,
아욱국,soup,520,,250,N,72,10,5,2,아욱국,
근대국,soup,540,,250,N,87,10,5,2,근대국,
배추국,soup,470,,250,N,86,10,5,2,배추국,
얼갈이된장국,soup,450,,250,N,83,10,5,2,얼갈이된장국,
어묵국,soup,500,,250,N,79,10,5,2,어묵국,
계란국,soup,540,,250,N,78,10,5,2,계란국,
만두국,soup,500,,250,N,82,10,5,2,만두국,
떡국,soup,530,,250,N,73,10,5,2,떡국,
떡만두국,soup,450,,250,N,73,10,5,2,떡만두국,
수제비국,soup,500,,250,N,85,10,5,2,수제비국,
칼국수,soup,520,,250,N,81,10,5,2,칼국수,
우동국물,soup,480,,250,N,85,10,5,2,우동국물,
잔치국수,soup,480,,250,N,76,10,5,2,잔치국수,
맑은감자국,soup,460,,250,N,84,10,5,2,맑은감자국,
맑은순두부국,soup,490,,250,N,82,10,5,2,맑은순두부국,
재첩국,soup,470,,250,N,73,10,5,2,재첩국,
올갱이국,soup,480,,250,N,80,10,5,2,올갱이국,
육개장,soup,2710,,300,N,357,20,15,15,육개장,
닭개장,soup,2430,,300,N,352,20,15,15,닭개장,
갈비탕,soup,2670,,300,N,322,20,15,15,갈비탕,
설렁탕,soup,2710,,300,N,368,20,15,15,설렁탕,
곰탕,soup,2360,,300,N,330,20,15,15,곰탕,
꼬리곰탕,soup,2610,,300,N,344,20,15,15,꼬리곰탕,
도가니탕,soup,2710,,300,N,351,20,15,15,도가니탕,
삼계탕,soup,2490,,300,N,380,20,15,15,삼계탕,
반계탕,soup,2420,,300,N,334,20,15,15,반계탕,
오리탕,soup,2360,,300,N,374,20,15,15,오리탕,
추어탕,soup,2250,,300,N,354,20,15,15,추어탕,
감자탕,soup,2600,,300,N,336,20,15,15,감자탕,
뼈해장국,soup,2520,,300,N,382,20,15,15,뼈해장국,
순대국,soup,2460,,300,N,372,20,15,15,순대국,
돼지국밥,soup,2440,,300,N,318,20,15,15,돼지국밥,
소머리국밥,soup,2300,,300,N,358,20,15,15,소머리국밥,
선지해장국,soup,2570,,300,N,325,20,15,15,선지해장국,
우거지해장국,soup,2740,,300,N,336,20,15,15,우거지해장국,
마라탕,soup,2470,,300,Y,321,20,15,15,마라탕,
짬뽕국,soup,2410,,300,N,322,20,15,15,짬뽕국,
마라짬뽕,soup,2250,,300,Y,362,20,15,15,마라짬뽕,
나가사키짬뽕,soup,2570,,300,N,315,20,15,15,나가사키짬뽕,
크림스프,soup,940,,200,N,217,15,5,10,크림스프,
양송이스프,soup,960,,200,N,206,15,5,10,양송이스프,
콘스프,soup,1080,,200,N,204,15,5,10,콘스프,
단호박스프,soup,1060,,200,N,194,15,5,10,단호박스프,
브로콜리스프,soup,900,,200,N,208,15,5,10,브로콜리스프,
토마토스프,soup,920,,200,N,180,15,5,10,토마토스프,
어니언스프,soup,960,,200,N,192,15,5,10,어니언스프,
클램차우더,soup,1040,,200,N,190,15,5,10,클램차우더,
굴라쉬,soup,1060,,200,Y,184,15,5,10,굴라쉬,
토마토스튜,soup,1040,,200,N,182,15,5,10,토마토스튜,
비프스튜,soup,1000,,200,N,203,15,5,10,비프스튜,
해산물차우더,soup,1000,,200,N,192,15,5,10,해산물차우더,
단호박크림스프,soup,980,,200,N,189,15,5,10,단호박크림스프,
감자스프,soup,1080,,200,N,194,15,5,10,감자스프,
된장찌개,soup,740,,250,N,143,10,8,5,된장찌개,
김치찌개,soup,720,,250,N,142,10,8,5,김치찌개,
순두부찌개,soup,830,,250,N,158,10,8,5,순두부찌개,
부대찌개,soup,740,,250,N,137,10,8,5,부대찌개,
동태찌개,soup,810,,250,N,138,10,8,5,동태찌개,
참치김치찌개,soup,770,,250,N,136,10,8,5,참치김치찌개,
돼지고기김치찌개,soup,740,,250,N,159,10,8,5,돼지고기김치찌개,
차돌된장찌개,soup,790,,250,N,163,10,8,5,차돌된장찌개,
해물된장찌개,soup,780,,250,N,138,10,8,5,해물된장찌개,
청국장,soup,760,,250,N,144,10,8,5,청국장,
비지찌개,soup,740,,250,N,162,10,8,5,비지찌개,
고추장찌개,soup,860,,250,N,163,10,8,5,고추장찌개,
애호박찌개,soup,860,,250,N,164,10,8,5,애호박찌개,
콩나물국,soup,490,,250,N,86,10,5,2,콩나물국,
무국,soup,480,,250,N,72,10,5,2,무국,
소고기무국,soup,490,,250,N,78,10,5,2,소고기무국,
미역국,soup,520,,250,N,85,10,5,2,미역국,
소고기미역국,soup,460,,250,N,83,10,5,2,소고기미역국,
홍합미역국,soup,500,,250,N,81,10,5,2,홍합미역국,
조개미역국,soup,450,,250,N,84,10,5,2,조개미역국,
황태국,soup,520,,250,N,77,10,5,2,황태국,
북어국,soup,470,,250,N,78,10,5,2,북어국,
시금치국,soup,480,,250,N,75,10,5,2,시금치국,
아욱국,soup,500,,250,N,87,10,5,2,아욱국,
근대국,soup,470,,250,N,74,10,5,2,근대국,
배추국,soup,460,,250,N,73,10,5,2,배추국,
얼갈이된장국,soup,480,,250,N,81,10,5,2,얼갈이된장국,
어묵국,soup,520,,250,N,84,10,5,2,어묵국,
계란국,soup,460,,250,N,78,10,5,2,계란국,
만두국,soup,530,,250,N,85,10,5,2,만두국,
떡국,soup,540,,250,N,77,10,5,2,떡국,
떡만두국,soup,540,,250,N,79,10,5,2,떡만두국,
수제비국,soup,490,,250,N,78,10,5,2,수제비국,
칼국수,soup,530,,250,N,81,10,5,2,칼국수,
우동국물,soup,480,,250,N,78,10,5,2,우동국물,
잔치국수,soup,480,,250,N,77,10,5,2,잔치국수,
맑은감자국,soup,530,,250,N,78,10,5,2,맑은감자국,
맑은순두부국,soup,530,,250,N,74,10,5,2,맑은순두부국,
재첩국,soup,480,,250,N,77,10,5,2,재첩국,
올갱이국,soup,500,,250,N,75,10,5,2,올갱이국,
육개장,soup,2680,,300,N,374,20,15,15,육개장,
닭개장,soup,2540,,300,N,333,20,15,15,닭개장,
갈비탕,soup,2260,,300,N,328,20,15,15,갈비탕,
설렁탕,soup,2650,,300,N,339,20,15,15,설렁탕,
곰탕,soup,2600,,300,N,381,20,15,15,곰탕,
꼬리곰탕,soup,2580,,300,N,361,20,15,15,꼬리곰탕,
도가니탕,soup,2530,,300,N,331,20,15,15,도가니탕,
삼계탕,soup,2310,,300,N,381,20,15,15,삼계탕,
반계탕,soup,2530,,300,N,349,20,15,15,반계탕,
오리탕,soup,2420,,300,N,340,20,15,15,오리탕,
추어탕,soup,2450,,300,N,319,20,15,15,추어탕,
감자탕,soup,2400,,300,N,366,20,15,15,감자탕,
뼈해장국,soup,2600,,300,N,317,20,15,15,뼈해장국,
순대국,soup,2320,,300,N,332,20,15,15,순대국,
돼지국밥,soup,2330,,300,N,377,20,15,15,돼지국밥,
소머리국밥,soup,2470,,300,N,340,20,15,15,소머리국밥,
선지해장국,soup,2380,,300,N,322,20,15,15,선지해장국,
우거지해장국,soup,2410,,300,N,363,20,15,15,우거지해장국,
마라탕,soup,2700,,300,Y,325,20,15,15,마라탕,
짬뽕국,soup,2460,,300,N,317,20,15,15,짬뽕국,
마라짬뽕,soup,2590,,300,Y,379,20,15,15,마라짬뽕,
나가사키짬뽕,soup,2650,,300,N,345,20,15,15,나가사키짬뽕,
크림스프,soup,980,,200,N,209,15,5,10,크림스프,
양송이스프,soup,1030,,200,N,187,15,5,10,양송이스프,
콘스프,soup,1060,,200,N,181,15,5,10,콘스프,
단호박스프,soup,1070,,200,N,203,15,5,10,단호박스프,
브로콜리스프,soup,1070,,200,N,191,15,5,10,브로콜리스프,
토마토스프,soup,930,,200,N,190,15,5,10,토마토스프,
어니언스프,soup,940,,200,N,191,15,5,10,어니언스프,
클램차우더,soup,1020,,200,N,190,15,5,10,클램차우더,
굴라쉬,soup,920,,200,Y,198,15,5,10,굴라쉬,
토마토스튜,soup,1030,,200,N,194,15,5,10,토마토스튜,
비프스튜,soup,1060,,200,N,187,15,5,10,비프스튜,
해산물차우더,soup,1050,,200,N,195,15,5,10,해산물차우더,
단호박크림스프,soup,1080,,200,N,219,15,5,10,단호박크림스프,
감자스프,soup,930,,200,N,185,15,5,10,감자스프,
된장찌개,soup,810,,250,N,139,10,8,5,된장찌개,
김치찌개,soup,740,,250,N,157,10,8,5,김치찌개,
순두부찌개,soup,780,,250,N,139,10,8,5,순두부찌개,
부대찌개,soup,840,,250,N,161,10,8,5,부대찌개,
동태찌개,soup,870,,250,N,159,10,8,5,동태찌개,
참치김치찌개,soup,750,,250,N,159,10,8,5,참치김치찌개,
돼지고기김치찌개,soup,820,,250,N,148,10,8,5,돼지고기김치찌개,
차돌된장찌개,soup,830,,250,N,154,10,8,5,차돌된장찌개,
해물된장찌개,soup,780,,250,N,160,10,8,5,해물된장찌개,
청국장,soup,720,,250,N,160,10,8,5,청국장,
비지찌개,soup,810,,250,N,163,10,8,5,비지찌개,
고추장찌개,soup,780,,250,N,139,10,8,5,고추장찌개,
애호박찌개,soup,750,,250,N,142,10,8,5,애호박찌개,
콩나물국,soup,500,,250,N,83,10,5,2,콩나물국,
무국,soup,510,,250,N,80,10,5,2,무국,
소고기무국,soup,450,,250,N,83,10,5,2,소고기무국,
미역국,soup,520,,250,N,77,10,5,2,미역국,
소고기미역국,soup,520,,250,N,78,10,5,2,소고기미역국,
홍합미역국,soup,470,,250,N,77,10,5,2,홍합미역국,
조개미역국,soup,540,,250,N,78,10,5,2,조개미역국,
황태국,soup,530,,250,N,80,10,5,2,황태국,
북어국,soup,490,,250,N,80,10,5,2,북어국,
시금치국,soup,530,,250,N,77,10,5,2,시금치국,
아욱국,soup,490,,250,N,87,10,5,2,아욱국,
근대국,soup,520,,250,N,82,10,5,2,근대국,
배추국,soup,520,,250,N,80,10,5,2,배추국,
얼갈이된장국,soup,540,,250,N,85,10,5,2,얼갈이된장국,
어묵국,soup,490,,250,N,82,10,5,2,어묵국,
계란국,soup,500,,250,N,77,10,5,2,계란국,
만두국,soup,470,,250,N,82,10,5,2,만두국,
떡국,soup,520,,250,N,81,10,5,2,떡국,
떡만두국,soup,480,,250,N,72,10,5,2,떡만두국,
수제비국,soup,450,,250,N,83,10,5,2,수제비국,
칼국수,soup,520,,250,N,80,10,5,2,칼국수,
우동국물,soup,540,,250,N,84,10,5,2,우동국물,
잔치국수,soup,480,,250,N,76,10,5,2,잔치국수,
맑은감자국,soup,500,,250,N,77,10,5,2,맑은감자국,
맑은순두부국,soup,520,,250,N,83,10,5,2,맑은순두부국,
재첩국,soup,480,,250,N,80,10,5,2,재첩국,
올갱이국,soup,480,,250,N,76,10,5,2,올갱이국,
육개장,soup,2660,,300,N,346,20,15,15,육개장,
닭개장,soup,2590,,300,N,378,20,15,15,닭개장,
갈비탕,soup,2330,,300,N,361,20,15,15,갈비탕,
설렁탕,soup,2490,,300,N,360,20,15,15,설렁탕,
곰탕,soup,2730,,300,N,356,20,15,15,곰탕,
꼬리곰탕,soup,2700,,300,N,336,20,15,15,꼬리곰탕,
도가니탕,soup,2590,,300,N,350,20,15,15,도가니탕,
삼계탕,soup,2300,,300,N,318,20,15,15,삼계탕,
반계탕,soup,2570,,300,N,333,20,15,15,반계탕,
오리탕,soup,2590,,300,N,351,20,15,15,오리탕,
추어탕,soup,2670,,300,N,338,20,15,15,추어탕,
감자탕,soup,2280,,300,N,370,20,15,15,감자탕,
뼈해장국,soup,2330,,300,N,380,20,15,15,뼈해장국,
순대국,soup,2520,,300,N,343,20,15,15,순대국,
돼지국밥,soup,2260,,300,N,338,20,15,15,돼지국밥,
소머리국밥,soup,2440,,300,N,325,20,15,15,소머리국밥,
선지해장국,soup,2320,,300,N,352,20,15,15,선지해장국,
우거지해장국,soup,2270,,300,N,370,20,15,15,우거지해장국,
마라탕,soup,2390,,300,Y,345,20,15,15,마라탕,
짬뽕국,soup,2540,,300,N,371,20,15,15,짬뽕국,
마라짬뽕,soup,2590,,300,Y,378,20,15,15,마라짬뽕,
나가사키짬뽕,soup,2570,,300,N,381,20,15,15,나가사키짬뽕,
크림스프,soup,980,,200,N,188,15,5,10,크림스프,
양송이스프,soup,980,,200,N,215,15,5,10,양송이스프,
콘스프,soup,960,,200,N,180,15,5,10,콘스프,
단호박스프,soup,1070,,200,N,205,15,5,10,단호박스프,
브로콜리스프,soup,990,,200,N,190,15,5,10,브로콜리스프,
토마토스프,soup,970,,200,N,181,15,5,10,토마토스프,
어니언스프,soup,1060,,200,N,210,15,5,10,어니언스프,
클램차우더,soup,940,,200,N,205,15,5,10,클램차우더,
굴라쉬,soup,1060,,200,Y,212,15,5,10,굴라쉬,
토마토스튜,soup,970,,200,N,185,15,5,10,토마토스튜,
비프스튜,soup,1040,,200,N,213,15,5,10,비프스튜,
해산물차우더,soup,970,,200,N,214,15,5,10,해산물차우더,
단호박크림스프,soup,1000,,200,N,215,15,5,10,단호박크림스프,
감자스프,soup,920,,200,N,212,15,5,10,감자스프,
제육볶음,main1,2320,,150,N,433,20,25,20,제육볶음,
간장제육볶음,main1,2480,,150,N,463,20,25,20,간장제육볶음,
고추장불고기,main1,2280,,150,N,438,20,25,20,고추장불고기,
간장불고기,main1,2460,,150,N,488,20,25,20,간장불고기,
소불고기,main1,2510,,150,N,453,20,25,20,소불고기,
뚝배기불고기,main1,2720,,150,N,472,20,25,20,뚝배기불고기,
돼지갈비찜,main1,2700,,150,N,440,20,25,20,돼지갈비찜,
소갈비찜,main1,2470,,150,N,423,20,25,20,소갈비찜,
매운갈비찜,main1,2490,,150,N,457,20,25,20,매운갈비찜,
닭갈비,main1,2470,,150,N,480,20,25,20,닭갈비,
치즈닭갈비,main1,2690,,150,Y,487,20,25,20,치즈닭갈비,
찜닭,main1,2420,,150,N,481,20,25,20,찜닭,
안동찜닭,main1,2300,,150,N,434,20,25,20,안동찜닭,
매운찜닭,main1,2740,,150,N,462,20,25,20,매운찜닭,
로제찜닭,main1,2580,,150,Y,443,20,25,20,로제찜닭,
닭도리탕,main1,2510,,150,N,487,20,25,20,닭도리탕,
닭볶음탕,main1,2520,,150,N,417,20,25,20,닭볶음탕,
묵은지닭볶음탕,main1,2680,,150,N,465,20,25,20,묵은지닭볶음탕,
수육,main1,2680,,150,N,420,20,25,20,수육,
보쌈,main1,2460,,150,N,426,20,25,20,보쌈,
족발,main1,2310,,150,N,493,20,25,20,족발,
불족발,main1,2590,,150,N,470,20,25,20,불족발,
동파육,main1,2400,,150,N,468,20,25,20,동파육,
탕수육,main1,2370,,150,N,471,20,25,20,탕수육,
사천탕수육,main1,2480,,150,N,437,20,25,20,사천탕수육,
꿔바로우,main1,2520,,150,Y,415,20,25,20,꿔바로우,
유린기,main1,2560,,150,N,456,20,25,20,유린기,
깐풍기,main1,2290,,150,N,457,20,25,20,깐풍기,
라조기,main1,2380,,150,N,424,20,25,20,라조기,
고추잡채,main1,2720,,150,N,408,20,25,20,고추잡채,
마파두부,main1,2330,,150,N,413,20,25,20,마파두부,
돈까스,main1,2400,,150,N,442,20,25,20,돈까스,
치즈돈까스,main1,2350,,150,Y,429,20,25,20,치즈돈까스,
고구마치즈돈까스,main1,2400,,150,Y,494,20,25,20,고구마치즈돈까스,
생선까스,main1,2370,,150,N,443,20,25,20,생선까스,
치킨까스,main1,2390,,150,N,444,20,25,20,치킨까스,
함박스테이크,main1,2290,,150,N,458,20,25,20,함박스테이크,
미트볼,main1,2670,,150,N,440,20,25,20,미트볼,
찹스테이크,main1,2590,,150,N,425,20,25,20,찹스테이크,
돈까스나베,main1,2690,,150,Y,461,20,25,20,돈까스나베,
가츠나베,main1,2540,,150,Y,484,20,25,20,가츠나베,
김치돈까스나베,main1,2590,,150,Y,457,20,25,20,김치돈까스나베,
분짜,main1,2490,,150,Y,426,20,25,20,분짜,
반미,main1,2620,,150,N,407,20,25,20,반미,
타코,main1,2270,,150,N,453,20,25,20,타코,
화이타,main1,2310,,150,N,433,20,25,20,화이타,
브리또,main1,2610,,150,N,407,20,25,20,브리또,
퀘사디아,main1,2560,,150,N,411,20,25,20,퀘사디아,
바베큐폭립,main1,2310,,150,N,492,20,25,20,바베큐폭립,
오징어볶음,main1,1890,,120,N,305,15,20,15,오징어볶음,
낙지볶음,main1,2070,,120,N,274,15,20,15,낙지볶음,
주꾸미볶음,main1,1930,,120,N,308,15,20,15,주꾸미볶음,
해물찜,main1,2140,,120,N,319,15,20,15,해물찜,
아구찜,main1,2170,,120,N,270,15,20,15,아구찜,
코다리찜,main1,1930,,120,N,314,15,20,15,코다리찜,
고등어조림,main1,2190,,120,N,320,15,20,15,고등어조림,
갈치조림,main1,2140,,120,N,289,15,20,15,갈치조림,
꽁치조림,main1,2150,,120,N,316,15,20,15,꽁치조림,
가자미조림,main1,1820,,120,N,316,15,20,15,가자미조림,
삼치조림,main1,2080,,120,N,296,15,20,15,삼치조림,
고등어구이,main1,2060,,120,N,290,15,20,15,고등어구이,
갈치구이,main1,2180,,120,N,321,15,20,15,갈치구이,
꽁치구이,main1,1830,,120,N,293,15,20,15,꽁치구이,
가자미구이,main1,2070,,120,N,322,15,20,15,가자미구이,
삼치구이,main1,2070,,120,N,272,15,20,15,삼치구이,
조기구이,main1,1860,,120,N,325,15,20,15,조기구이,
굴비구이,main1,2130,,120,N,289,15,20,15,굴비구이,
연어구이,main1,1930,,120,N,312,15,20,15,연어구이,
장어구이,main1,2140,,120,N,303,15,20,15,장어구이,
새우튀김,main1,1830,,120,N,290,15,20,15,새우튀김,
오징어튀김,main1,1890,,120,N,319,15,20,15,오징어튀김,
김말이튀김,main1,1890,,120,N,301,15,20,15,김말이튀김,
고구마튀김,main1,2080,,120,N,301,15,20,15,고구마튀김,
야채튀김,main1,1860,,120,N,282,15,20,15,야채튀김,
단호박튀김,main1,1800,,120,N,316,15,20,15,단호박튀김,
모둠튀김,main1,1880,,120,N,296,15,20,15,모둠튀김,
깐쇼새우,main1,1850,,120,N,274,15,20,15,깐쇼새우,
칠리새우,main1,2130,,120,N,286,15,20,15,칠리새우,
크림새우,main1,1900,,120,N,319,15,20,15,크림새우,
팔보채,main1,2050,,120,N,285,15,20,15,팔보채,
양장피,main1,1800,,120,N,276,15,20,15,양장피,
해물파전,main1,1840,,120,N,316,15,20,15,해물파전,
오징어파전,main1,1880,,120,N,273,15,20,15,오징어파전,
동태전,main1,2010,,120,N,324,15,20,15,동태전,
생선전,main1,1800,,120,N,288,15,20,15,생선전,
감바스,main1,1970,,120,Y,318,15,20,15,감바스,
연어스테이크,main1,1840,,120,N,279,15,20,15,연어스테이크,
똠얌꿍,main1,1840,,120,N,282,15,20,15,똠얌꿍,
푸팟퐁커리,main1,1900,,120,N,314,15,20,15,푸팟퐁커리,
명란파스타,main1,1800,,120,N,312,15,20,15,명란파스타,
해산물파스타,main1,2170,,120,N,274,15,20,15,해산물파스타,
알리오올리오,main1,2120,,120,N,310,15,20,15,알리오올리오,
제육볶음,main1,2530,,150,N,425,20,25,20,제육볶음,
간장제육볶음,main1,2530,,150,N,456,20,25,20,간장제육볶음,
고추장불고기,main1,2330,,150,N,414,20,25,20,고추장불고기,
간장불고기,main1,2650,,150,N,455,20,25,20,간장불고기,
소불고기,main1,2560,,150,N,444,20,25,20,소불고기,
뚝배기불고기,main1,2730,,150,N,467,20,25,20,뚝배기불고기,
돼지갈비찜,main1,2280,,150,N,484,20,25,20,돼지갈비찜,
소갈비찜,main1,2380,,150,N,461,20,25,20,소갈비찜,
매운갈비찜,main1,2360,,150,N,457,20,25,20,매운갈비찜,
닭갈비,main1,2600,,150,N,434,20,25,20,닭갈비,
치즈닭갈비,main1,2450,,150,Y,408,20,25,20,치즈닭갈비,
찜닭,main1,2670,,150,N,445,20,25,20,찜닭,
안동찜닭,main1,2450,,150,N,417,20,25,20,안동찜닭,
매운찜닭,main1,2570,,150,N,440,20,25,20,매운찜닭,
로제찜닭,main1,2410,,150,Y,485,20,25,20,로제찜닭,
닭도리탕,main1,2640,,150,N,461,20,25,20,닭도리탕,
닭볶음탕,main1,2460,,150,N,419,20,25,20,닭볶음탕,
묵은지닭볶음탕,main1,2720,,150,N,421,20,25,20,묵은지닭볶음탕,
수육,main1,2640,,150,N,429,20,25,20,수육,
보쌈,main1,2680,,150,N,405,20,25,20,보쌈,
족발,main1,2530,,150,N,481,20,25,20,족발,
불족발,main1,2480,,150,N,419,20,25,20,불족발,
동파육,main1,2580,,150,N,420,20,25,20,동파육,
탕수육,main1,2550,,150,N,477,20,25,20,탕수육,
사천탕수육,main1,2480,,150,N,434,20,25,20,사천탕수육,
꿔바로우,main1,2270,,150,Y,406,20,25,20,꿔바로우,
유린기,main1,2300,,150,N,413,20,25,20,유린기,
깐풍기,main1,2740,,150,N,408,20,25,20,깐풍기,
라조기,main1,2390,,150,N,462,20,25,20,라조기,
고추잡채,main1,2700,,150,N,406,20,25,20,고추잡채,
마파두부,main1,2730,,150,N,427,20,25,20,마파두부,
돈까스,main1,2350,,150,N,410,20,25,20,돈까스,
치즈돈까스,main1,2360,,150,Y,478,20,25,20,치즈돈까스,
고구마치즈돈까스,main1,2470,,150,Y,466,20,25,20,고구마치즈돈까스,
생선까스,main1,2740,,150,N,458,20,25,20,생선까스,
치킨까스,main1,2690,,150,N,485,20,25,20,치킨까스,
함박스테이크,main1,2320,,150,N,423,20,25,20,함박스테이크,
미트볼,main1,2740,,150,N,410,20,25,20,미트볼,
찹스테이크,main1,2570,,150,N,491,20,25,20,찹스테이크,
돈까스나베,main1,2550,,150,Y,473,20,25,20,돈까스나베,
가츠나베,main1,2370,,150,Y,472,20,25,20,가츠나베,
김치돈까스나베,main1,2650,,150,Y,431,20,25,20,김치돈까스나베,
분짜,main1,2250,,150,Y,457,20,25,20,분짜,
반미,main1,2400,,150,N,481,20,25,20,반미,
타코,main1,2660,,150,N,476,20,25,20,타코,
화이타,main1,2350,,150,N,494,20,25,20,화이타,
브리또,main1,2580,,150,N,413,20,25,20,브리또,
퀘사디아,main1,2510,,150,N,457,20,25,20,퀘사디아,
바베큐폭립,main1,2710,,150,N,415,20,25,20,바베큐폭립,
오징어볶음,main1,2160,,120,N,313,15,20,15,오징어볶음,
낙지볶음,main1,1860,,120,N,280,15,20,15,낙지볶음,
주꾸미볶음,main1,2100,,120,N,291,15,20,15,주꾸미볶음,
해물찜,main1,2000,,120,N,290,15,20,15,해물찜,
아구찜,main1,2140,,120,N,282,15,20,15,아구찜,
코다리찜,main1,2000,,120,N,305,15,20,15,코다리찜,
고등어조림,main1,1980,,120,N,319,15,20,15,고등어조림,
갈치조림,main1,1940,,120,N,295,15,20,15,갈치조림,
꽁치조림,main1,2120,,120,N,322,15,20,15,꽁치조림,
가자미조림,main1,2040,,120,N,271,15,20,15,가자미조림,
삼치조림,main1,1910,,120,N,329,15,20,15,삼치조림,
고등어구이,main1,1960,,120,N,270,15,20,15,고등어구이,
갈치구이,main1,1890,,120,N,270,15,20,15,갈치구이,
꽁치구이,main1,2130,,120,N,324,15,20,15,꽁치구이,
가자미구이,main1,1840,,120,N,287,15,20,15,가자미구이,
삼치구이,main1,2130,,120,N,311,15,20,15,삼치구이,
조기구이,main1,2050,,120,N,271,15,20,15,조기구이,
굴비구이,main1,2120,,120,N,301,15,20,15,굴비구이,
연어구이,main1,2160,,120,N,272,15,20,15,연어구이,
장어구이,main1,2100,,120,N,280,15,20,15,장어구이,
새우튀김,main1,2050,,120,N,289,15,20,15,새우튀김,
오징어튀김,main1,2190,,120,N,281,15,20,15,오징어튀김,
김말이튀김,main1,1860,,120,N,320,15,20,15,김말이튀김,
고구마튀김,main1,1930,,120,N,291,15,20,15,고구마튀김,
야채튀김,main1,1990,,120,N,291,15,20,15,야채튀김,
단호박튀김,main1,1850,,120,N,280,15,20,15,단호박튀김,
모둠튀김,main1,2080,,120,N,288,15,20,15,모둠튀김,
깐쇼새우,main1,1980,,120,N,273,15,20,15,깐쇼새우,
칠리새우,main1,1910,,120,N,304,15,20,15,칠리새우,
크림새우,main1,1820,,120,N,290,15,20,15,크림새우,
팔보채,main1,2040,,120,N,328,15,20,15,팔보채,
양장피,main1,2080,,120,N,273,15,20,15,양장피,
해물파전,main1,1990,,120,N,302,15,20,15,해물파전,
오징어파전,main1,1850,,120,N,324,15,20,15,오징어파전,
동태전,main1,1920,,120,N,293,15,20,15,동태전,
생선전,main1,1810,,120,N,308,15,20,15,생선전,
감바스,main1,2110,,120,Y,313,15,20,15,감바스,
연어스테이크,main1,1820,,120,N,322,15,20,15,연어스테이크,
똠얌꿍,main1,1820,,120,N,324,15,20,15,똠얌꿍,
푸팟퐁커리,main1,2150,,120,N,305,15,20,15,푸팟퐁커리,
명란파스타,main1,1840,,120,N,303,15,20,15,명란파스타,
해산물파스타,main1,2170,,120,N,274,15,20,15,해산물파스타,
알리오올리오,main1,2180,,120,N,307,15,20,15,알리오올리오,
제육볶음,main1,2250,,150,N,476,20,25,20,제육볶음,
간장제육볶음,main1,2530,,150,N,478,20,25,20,간장제육볶음,
고추장불고기,main1,2420,,150,N,448,20,25,20,고추장불고기,
간장불고기,main1,2310,,150,N,469,20,25,20,간장불고기,
소불고기,main1,2540,,150,N,423,20,25,20,소불고기,
뚝배기불고기,main1,2440,,150,N,479,20,25,20,뚝배기불고기,
돼지갈비찜,main1,2600,,150,N,411,20,25,20,돼지갈비찜,
소갈비찜,main1,2510,,150,N,448,20,25,20,소갈비찜,
매운갈비찜,main1,2570,,150,N,478,20,25,20,매운갈비찜,
닭갈비,main1,2650,,150,N,480,20,25,20,닭갈비,
치즈닭갈비,main1,2500,,150,Y,447,20,25,20,치즈닭갈비,
찜닭,main1,2540,,150,N,436,20,25,20,찜닭,
안동찜닭,main1,2260,,150,N,433,20,25,20,안동찜닭,
매운찜닭,main1,2260,,150,N,433,20,25,20,매운찜닭,
로제찜닭,main1,2610,,150,Y,409,20,25,20,로제찜닭,
닭도리탕,main1,2400,,150,N,450,20,25,20,닭도리탕,
닭볶음탕,main1,2320,,150,N,464,20,25,20,닭볶음탕,
묵은지닭볶음탕,main1,2550,,150,N,454,20,25,20,묵은지닭볶음탕,
수육,main1,2440,,150,N,493,20,25,20,수육,
보쌈,main1,2260,,150,N,484,20,25,20,보쌈,
족발,main1,2690,,150,N,467,20,25,20,족발,
불족발,main1,2570,,150,N,449,20,25,20,불족발,
동파육,main1,2740,,150,N,442,20,25,20,동파육,
탕수육,main1,2270,,150,N,409,20,25,20,탕수육,
사천탕수육,main1,2480,,150,N,465,20,25,20,사천탕수육,
꿔바로우,main1,2340,,150,Y,429,20,25,20,꿔바로우,
유린기,main1,2520,,150,N,472,20,25,20,유린기,
깐풍기,main1,2740,,150,N,468,20,25,20,깐풍기,
라조기,main1,2490,,150,N,464,20,25,20,라조기,
고추잡채,main1,2640,,150,N,409,20,25,20,고추잡채,
마파두부,main1,2480,,150,N,410,20,25,20,마파두부,
돈까스,main1,2440,,150,N,414,20,25,20,돈까스,
치즈돈까스,main1,2690,,150,Y,440,20,25,20,치즈돈까스,
고구마치즈돈까스,main1,2340,,150,Y,415,20,25,20,고구마치즈돈까스,
생선까스,main1,2380,,150,N,458,20,25,20,생선까스,
치킨까스,main1,2690,,150,N,433,20,25,20,치킨까스,
함박스테이크,main1,2310,,150,N,484,20,25,20,함박스테이크,
미트볼,main1,2490,,150,N,428,20,25,20,미트볼,
찹스테이크,main1,2460,,150,N,445,20,25,20,찹스테이크,
돈까스나베,main1,2310,,150,Y,469,20,25,20,돈까스나베,
가츠나베,main1,2580,,150,Y,459,20,25,20,가츠나베,
김치돈까스나베,main1,2720,,150,Y,419,20,25,20,김치돈까스나베,
분짜,main1,2660,,150,Y,473,20,25,20,분짜,
반미,main1,2340,,150,N,444,20,25,20,반미,
타코,main1,2740,,150,N,427,20,25,20,타코,
화이타,main1,2400,,150,N,430,20,25,20,화이타,
브리또,main1,2470,,150,N,405,20,25,20,브리또,
퀘사디아,main1,2290,,150,N,487,20,25,20,퀘사디아,
바베큐폭립,main1,2700,,150,N,411,20,25,20,바베큐폭립,
오징어볶음,main1,1990,,120,N,316,15,20,15,오징어볶음,
낙지볶음,main1,2150,,120,N,329,15,20,15,낙지볶음,
주꾸미볶음,main1,1840,,120,N,328,15,20,15,주꾸미볶음,
해물찜,main1,2070,,120,N,316,15,20,15,해물찜,
아구찜,main1,2180,,120,N,272,15,20,15,아구찜,
코다리찜,main1,1950,,120,N,286,15,20,15,코다리찜,
고등어조림,main1,2190,,120,N,309,15,20,15,고등어조림,
갈치조림,main1,2130,,120,N,295,15,20,15,갈치조림,
꽁치조림,main1,1960,,120,N,280,15,20,15,꽁치조림,
가자미조림,main1,2070,,120,N,295,15,20,15,가자미조림,
삼치조림,main1,2000,,120,N,303,15,20,15,삼치조림,
고등어구이,main1,2020,,120,N,277,15,20,15,고등어구이,
갈치구이,main1,1840,,120,N,292,15,20,15,갈치구이,
꽁치구이,main1,1920,,120,N,305,15,20,15,꽁치구이,
가자미구이,main1,1960,,120,N,299,15,20,15,가자미구이,
삼치구이,main1,2020,,120,N,312,15,20,15,삼치구이,
조기구이,main1,1890,,120,N,303,15,20,15,조기구이,
굴비구이,main1,1970,,120,N,326,15,20,15,굴비구이,
연어구이,main1,2120,,120,N,298,15,20,15,연어구이,
장어구이,main1,1880,,120,N,306,15,20,15,장어구이,
새우튀김,main1,2180,,120,N,314,15,20,15,새우튀김,
오징어튀김,main1,1950,,120,N,307,15,20,15,오징어튀김,
김말이튀김,main1,1830,,120,N,296,15,20,15,김말이튀김,
고구마튀김,main1,2100,,120,N,293,15,20,15,고구마튀김,
야채튀김,main1,2090,,120,N,319,15,20,15,야채튀김,
단호박튀김,main1,1840,,120,N,305,15,20,15,단호박튀김,
모둠튀김,main1,2010,,120,N,283,15,20,15,모둠튀김,
깐쇼새우,main1,1940,,120,N,307,15,20,15,깐쇼새우,
칠리새우,main1,2180,,120,N,322,15,20,15,칠리새우,
크림새우,main1,2080,,120,N,310,15,20,15,크림새우,
팔보채,main1,1950,,120,N,327,15,20,15,팔보채,
양장피,main1,1810,,120,N,287,15,20,15,양장피,
해물파전,main1,1830,,120,N,328,15,20,15,해물파전,
오징어파전,main1,1980,,120,N,279,15,20,15,오징어파전,
동태전,main1,1930,,120,N,310,15,20,15,동태전,
생선전,main1,1920,,120,N,275,15,20,15,생선전,
감바스,main1,2050,,120,Y,326,15,20,15,감바스,
연어스테이크,main1,2030,,120,N,278,15,20,15,연어스테이크,
똠얌꿍,main1,1960,,120,N,301,15,20,15,똠얌꿍,
푸팟퐁커리,main1,1850,,120,N,325,15,20,15,푸팟퐁커리,
명란파스타,main1,1880,,120,N,303,15,20,15,명란파스타,
해산물파스타,main1,1950,,120,N,284,15,20,15,해산물파스타,
알리오올리오,main1,1980,,120,N,316,15,20,15,알리오올리오,
시금치나물,side2,450,,50,N,62,8,3,2,시금치나물,
콩나물무침,side2,520,,50,N,56,8,3,2,콩나물무침,
숙주나물,side2,470,,50,N,62,8,3,2,숙주나물,
고사리나물,side2,540,,50,N,61,8,3,2,고사리나물,
도라지나물,side2,510,,50,N,62,8,3,2,도라지나물,
취나물,side2,500,,50,N,63,8,3,2,취나물,
참나물,side2,450,,50,N,60,8,3,2,참나물,
비름나물,side2,500,,50,N,63,8,3,2,비름나물,
유채나물,side2,490,,50,N,57,8,3,2,유채나물,
방풍나물,side2,460,,50,N,57,8,3,2,방풍나물,
세발나물,side2,470,,50,N,64,8,3,2,세발나물,
얼갈이무침,side2,450,,50,N,65,8,3,2,얼갈이무침,
가지무침,side2,470,,50,N,63,8,3,2,가지무침,
가지볶음,side2,490,,50,N,61,8,3,2,가지볶음,
애호박볶음,side2,520,,50,N,64,8,3,2,애호박볶음,
버섯볶음,side2,530,,50,N,57,8,3,2,버섯볶음,
느타리버섯볶음,side2,500,,50,N,59,8,3,2,느타리버섯볶음,
표고버섯볶음,side2,460,,50,N,61,8,3,2,표고버섯볶음,
팽이버섯볶음,side2,530,,50,N,55,8,3,2,팽이버섯볶음,
감자채볶음,side2,460,,50,N,65,8,3,2,감자채볶음,
감자조림,side2,520,,50,N,61,8,3,2,감자조림,
당근볶음,side2,540,,50,N,54,8,3,2,당근볶음,
양파볶음,side2,540,,50,N,56,8,3,2,양파볶음,
마늘쫑볶음,side2,490,,50,N,60,8,3,2,마늘쫑볶음,
마늘쫑무침,side2,490,,50,N,60,8,3,2,마늘쫑무침,
우엉조림,side2,480,,50,N,54,8,3,2,우엉조림,
연근조림,side2,450,,50,N,56,8,3,2,연근조림,
도토리묵무침,side2,450,,50,N,58,8,3,2,도토리묵무침,
청포묵무침,side2,510,,50,N,55,8,3,2,청포묵무침,
오이무침,side2,450,,50,N,59,8,3,2,오이무침,
오이도라지무침,side2,500,,50,N,64,8,3,2,오이도라지무침,
미역줄기볶음,side2,450,,50,N,54,8,3,2,미역줄기볶음,
파래무침,side2,540,,50,N,56,8,3,2,파래무침,
미역초무침,side2,450,,50,N,65,8,3,2,미역초무침,
무생채,side2,520,,50,N,54,8,3,2,무생채,
무나물,side2,460,,50,N,60,8,3,2,무나물,
더덕구이,side2,460,,50,N,57,8,3,2,더덕구이,
더덕무침,side2,460,,50,N,61,8,3,2,더덕무침,
도라지구이,side2,540,,50,N,64,8,3,2,도라지구이,
브로콜리숙회,side2,450,,50,N,60,8,3,2,브로콜리숙회,
양배추찜,side2,470,,50,N,56,8,3,2,양배추찜,
호박잎찜,side2,450,,50,N,56,8,3,2,호박잎찜,
깻잎찜,side2,500,,50,N,57,8,3,2,깻잎찜,
깻잎순볶음,side2,500,,50,N,58,8,3,2,깻잎순볶음,
계란말이,side2,750,,80,N,159,5,10,8,계란말이,
야채계란말이,side2,720,,80,N,164,5,10,8,야채계란말이,
치즈계란말이,side2,740,,80,Y,137,5,10,8,치즈계란말이,
명란계란말이,side2,850,,80,N,137,5,10,8,명란계란말이,
계란찜,side2,780,,80,N,164,5,10,8,계란찜,
뚝배기계란찜,side2,770,,80,N,137,5,10,8,뚝배기계란찜,
푸딩계란찜,side2,760,,80,N,148,5,10,8,푸딩계란찜,
계란후라이,side2,800,,80,N,153,5,10,8,계란후라이,
스크램블에그,side2,830,,80,N,162,5,10,8,스크램블에그,
메추리알장조림,side2,810,,80,N,156,5,10,8,메추리알장조림,
소고기장조림,side2,770,,80,N,146,5,10,8,소고기장조림,
돼지고기장조림,side2,810,,80,N,158,5,10,8,돼지고기장조림,
두부구이,side2,780,,80,N,140,5,10,8,두부구이,
두부조림,side2,840,,80,N,137,5,10,8,두부조림,
두부김치,side2,790,,80,N,158,5,10,8,두부김치,
마파두부,side2,870,,80,N,144,5,10,8,마파두부,
연두부,side2,770,,80,N,162,5,10,8,연두부,
연두부샐러드,side2,740,,80,N,142,5,10,8,연두부샐러드,
순두부양념장,side2,820,,80,N,164,5,10,8,순두부양념장,
건두부무침,side2,820,,80,N,145,5,10,8,건두부무침,
어묵볶음,side2,830,,80,N,144,5,10,8,어묵볶음,
간장어묵볶음,side2,820,,80,N,139,5,10,8,간장어묵볶음,
매운어묵볶음,side2,850,,80,N,138,5,10,8,매운어묵볶음,
어묵조림,side2,790,,80,N,162,5,10,8,어묵조림,
비엔나소시지볶음,side2,740,,80,N,163,5,10,8,비엔나소시지볶음,
소시지야채볶음,side2,870,,80,N,152,5,10,8,소시지야채볶음,
햄구이,side2,820,,80,N,142,5,10,8,햄구이,
스팸구이,side2,830,,80,N,150,5,10,8,스팸구이,
동그랑땡,side2,720,,80,N,149,5,10,8,동그랑땡,
너비아니,side2,760,,80,N,159,5,10,8,너비아니,
떡갈비,side2,850,,80,N,155,5,10,8,떡갈비,
미트볼조림,side2,730,,80,N,135,5,10,8,미트볼조림,
장어강정,side2,840,,80,N,149,5,10,8,장어강정,
치킨너겟,side2,820,,80,N,136,5,10,8,치킨너겟,
용가리치킨,side2,860,,80,N,147,5,10,8,용가리치킨,
팝콘치킨,side2,860,,80,N,137,5,10,8,팝콘치킨,
탕수만두,side2,850,,80,N,136,5,10,8,탕수만두,
군만두,side2,760,,80,N,150,5,10,8,군만두,
물만두,side2,870,,80,N,136,5,10,8,물만두,
찐만두,side2,820,,80,N,140,5,10,8,찐만두,
타코야끼,side2,830,,80,N,160,5,10,8,타코야끼,
멸치볶음,side2,630,,30,N,90,10,5,3,멸치볶음,
잔멸치볶음,side2,680,,30,N,102,10,5,3,잔멸치볶음,
호두멸치볶음,side2,760,,30,N,100,10,5,3,호두멸치볶음,
아몬드멸치볶음,side2,690,,30,N,90,10,5,3,아몬드멸치볶음,
꽈리고추멸치볶음,side2,690,,30,N,108,10,5,3,꽈리고추멸치볶음,
진미채볶음,side2,760,,30,N,101,10,5,3,진미채볶음,
진미채무침,side2,670,,30,N,108,10,5,3,진미채무침,
오징어채볶음,side2,660,,30,N,105,10,5,3,오징어채볶음,
쥐포볶음,side2,650,,30,N,101,10,5,3,쥐포볶음,
뱅어포구이,side2,730,,30,N,108,10,5,3,뱅어포구이,
새우볶음,side2,690,,30,N,109,10,5,3,새우볶음,
건새우볶음,side2,700,,30,N,98,10,5,3,건새우볶음,
마늘쫑건새우볶음,side2,730,,30,N,91,10,5,3,마늘쫑건새우볶음,
땅콩조림,side2,700,,30,N,91,10,5,3,땅콩조림,
검은콩조림,side2,760,,30,N,99,10,5,3,검은콩조림,
김가루무침,side2,690,,30,N,97,10,5,3,김가루무침,
김자반,side2,630,,30,N,105,10,5,3,김자반,
조미김,side2,650,,30,N,108,10,5,3,조미김,
파래김,side2,760,,30,N,101,10,5,3,파래김,
돌김,side2,720,,30,N,99,10,5,3,돌김,
감태,side2,730,,30,N,98,10,5,3,감태,
야채샐러드,side2,960,,100,N,124,15,2,8,야채샐러드,
그린샐러드,side2,910,,100,N,116,15,2,8,그린샐러드,
양상추샐러드,side2,940,,100,N,127,15,2,8,양상추샐러드,
케이준치킨샐러드,side2,900,,100,N,124,15,2,8,케이준치킨샐러드,
리코타치즈샐러드,side2,1060,,100,Y,122,15,2,8,리코타치즈샐러드,
단호박샐러드,side2,1090,,100,N,110,15,2,8,단호박샐러드,
고구마샐러드,side2,900,,100,N,112,15,2,8,고구마샐러드,
감자샐러드,side2,1080,,100,N,120,15,2,8,감자샐러드,
마카로니샐러드,side2,1040,,100,N,111,15,2,8,마카로니샐러드,
콘샐러드,side2,1030,,100,N,131,15,2,8,콘샐러드,
게살샐러드,side2,990,,100,N,120,15,2,8,게살샐러드,
연어샐러드,side2,980,,100,N,111,15,2,8,연어샐러드,
토마토카프레제,side2,1030,,100,N,116,15,2,8,토마토카프레제,
과일샐러드,side2,1010,,100,N,125,15,2,8,과일샐러드,
사과샐러드,side2,1050,,100,N,121,15,2,8,사과샐러드,
오리엔탈샐러드,side2,910,,100,N,118,15,2,8,오리엔탈샐러드,
흑임자샐러드,side2,1000,,100,N,125,15,2,8,흑임자샐러드,
요거트샐러드,side2,970,,100,N,126,15,2,8,요거트샐러드,
발사믹샐러드,side2,1010,,100,N,121,15,2,8,발사믹샐러드,
포케,side2,1090,,100,Y,121,15,2,8,포케,
연어포케,side2,1010,,100,Y,121,15,2,8,연어포케,
참치포케,side2,1070,,100,Y,123,15,2,8,참치포케,
닭가슴살포케,side2,980,,100,Y,114,15,2,8,닭가슴살포케,
두부포케,side2,1020,,100,Y,118,15,2,8,두부포케,
콥샐러드,side2,990,,100,N,125,15,2,8,콥샐러드,
부라타치즈샐러드,side2,1040,,100,Y,122,15,2,8,부라타치즈샐러드,
시금치나물,side2,520,,50,N,56,8,3,2,시금치나물,
콩나물무침,side2,490,,50,N,63,8,3,2,콩나물무침,
숙주나물,side2,520,,50,N,62,8,3,2,숙주나물,
고사리나물,side2,490,,50,N,59,8,3,2,고사리나물,
도라지나물,side2,450,,50,N,60,8,3,2,도라지나물,
취나물,side2,530,,50,N,56,8,3,2,취나물,
참나물,side2,540,,50,N,62,8,3,2,참나물,
비름나물,side2,530,,50,N,60,8,3,2,비름나물,
유채나물,side2,530,,50,N,56,8,3,2,유채나물,
방풍나물,side2,530,,50,N,57,8,3,2,방풍나물,
세발나물,side2,500,,50,N,62,8,3,2,세발나물,
얼갈이무침,side2,470,,50,N,54,8,3,2,얼갈이무침,
가지무침,side2,540,,50,N,54,8,3,2,가지무침,
가지볶음,side2,470,,50,N,60,8,3,2,가지볶음,
애호박볶음,side2,480,,50,N,60,8,3,2,애호박볶음,
버섯볶음,side2,510,,50,N,61,8,3,2,버섯볶음,
느타리버섯볶음,side2,500,,50,N,62,8,3,2,느타리버섯볶음,
표고버섯볶음,side2,530,,50,N,59,8,3,2,표고버섯볶음,
팽이버섯볶음,side2,450,,50,N,61,8,3,2,팽이버섯볶음,
감자채볶음,side2,450,,50,N,64,8,3,2,감자채볶음,
감자조림,side2,450,,50,N,54,8,3,2,감자조림,
당근볶음,side2,520,,50,N,65,8,3,2,당근볶음,
양파볶음,side2,470,,50,N,64,8,3,2,양파볶음,
마늘쫑볶음,side2,450,,50,N,61,8,3,2,마늘쫑볶음,
마늘쫑무침,side2,510,,50,N,60,8,3,2,마늘쫑무침,
우엉조림,side2,540,,50,N,62,8,3,2,우엉조림,
연근조림,side2,480,,50,N,62,8,3,2,연근조림,
도토리묵무침,side2,490,,50,N,60,8,3,2,도토리묵무침,
청포묵무침,side2,490,,50,N,54,8,3,2,청포묵무침,
오이무침,side2,460,,50,N,58,8,3,2,오이무침,
오이도라지무침,side2,500,,50,N,64,8,3,2,오이도라지무침,
미역줄기볶음,side2,540,,50,N,59,8,3,2,미역줄기볶음,
파래무침,side2,500,,50,N,64,8,3,2,파래무침,
미역초무침,side2,510,,50,N,57,8,3,2,미역초무침,
무생채,side2,500,,50,N,64,8,3,2,무생채,
무나물,side2,470,,50,N,59,8,3,2,무나물,
더덕구이,side2,460,,50,N,61,8,3,2,더덕구이,
더덕무침,side2,460,,50,N,64,8,3,2,더덕무침,
도라지구이,side2,500,,50,N,59,8,3,2,도라지구이,
브로콜리숙회,side2,500,,50,N,61,8,3,2,브로콜리숙회,
양배추찜,side2,510,,50,N,59,8,3,2,양배추찜,
호박잎찜,side2,450,,50,N,59,8,3,2,호박잎찜,
깻잎찜,side2,460,,50,N,61,8,3,2,깻잎찜,
깻잎순볶음,side2,490,,50,N,57,8,3,2,깻잎순볶음,
계란말이,side2,780,,80,N,148,5,10,8,계란말이,
야채계란말이,side2,810,,80,N,153,5,10,8,야채계란말이,
치즈계란말이,side2,870,,80,Y,151,5,10,8,치즈계란말이,
명란계란말이,side2,750,,80,N,144,5,10,8,명란계란말이,
계란찜,side2,860,,80,N,160,5,10,8,계란찜,
뚝배기계란찜,side2,750,,80,N,161,5,10,8,뚝배기계란찜,
푸딩계란찜,side2,800,,80,N,161,5,10,8,푸딩계란찜,
계란후라이,side2,800,,80,N,155,5,10,8,계란후라이,
스크램블에그,side2,850,,80,N,141,5,10,8,스크램블에그,
메추리알장조림,side2,790,,80,N,152,5,10,8,메추리알장조림,
소고기장조림,side2,750,,80,N,149,5,10,8,소고기장조림,
돼지고기장조림,side2,850,,80,N,148,5,10,8,돼지고기장조림,
두부구이,side2,820,,80,N,153,5,10,8,두부구이,
두부조림,side2,720,,80,N,149,5,10,8,두부조림,
두부김치,side2,840,,80,N,159,5,10,8,두부김치,
마파두부,side2,740,,80,N,135,5,10,8,마파두부,
연두부,side2,830,,80,N,146,5,10,8,연두부,
연두부샐러드,side2,840,,80,N,149,5,10,8,연두부샐러드,
순두부양념장,side2,860,,80,N,149,5,10,8,순두부양념장,
건두부무침,side2,820,,80,N,159,5,10,8,건두부무침,
어묵볶음,side2,790,,80,N,154,5,10,8,어묵볶음,
간장어묵볶음,side2,810,,80,N,151,5,10,8,간장어묵볶음,
매운어묵볶음,side2,780,,80,N,141,5,10,8,매운어묵볶음,
어묵조림,side2,720,,80,N,162,5,10,8,어묵조림,
비엔나소시지볶음,side2,840,,80,N,147,5,10,8,비엔나소시지볶음,
소시지야채볶음,side2,760,,80,N,138,5,10,8,소시지야채볶음,
햄구이,side2,770,,80,N,157,5,10,8,햄구이,
스팸구이,side2,730,,80,N,149,5,10,8,스팸구이,
동그랑땡,side2,830,,80,N,155,5,10,8,동그랑땡,
너비아니,side2,870,,80,N,142,5,10,8,너비아니,
떡갈비,side2,830,,80,N,160,5,10,8,떡갈비,
미트볼조림,side2,810,,80,N,153,5,10,8,미트볼조림,
장어강정,side2,750,,80,N,138,5,10,8,장어강정,
치킨너겟,side2,720,,80,N,149,5,10,8,치킨너겟,
용가리치킨,side2,800,,80,N,152,5,10,8,용가리치킨,
팝콘치킨,side2,820,,80,N,163,5,10,8,팝콘치킨,
탕수만두,side2,870,,80,N,141,5,10,8,탕수만두,
군만두,side2,760,,80,N,141,5,10,8,군만두,
물만두,side2,840,,80,N,151,5,10,8,물만두,
찐만두,side2,790,,80,N,155,5,10,8,찐만두,
타코야끼,side2,790,,80,N,144,5,10,8,타코야끼,
멸치볶음,side2,690,,30,N,104,10,5,3,멸치볶음,
잔멸치볶음,side2,650,,30,N,99,10,5,3,잔멸치볶음,
호두멸치볶음,side2,730,,30,N,91,10,5,3,호두멸치볶음,
아몬드멸치볶음,side2,670,,30,N,103,10,5,3,아몬드멸치볶음,
꽈리고추멸치볶음,side2,680,,30,N,105,10,5,3,꽈리고추멸치볶음,
진미채볶음,side2,730,,30,N,102,10,5,3,진미채볶음,
진미채무침,side2,750,,30,N,104,10,5,3,진미채무침,
오징어채볶음,side2,720,,30,N,93,10,5,3,오징어채볶음,
쥐포볶음,side2,650,,30,N,95,10,5,3,쥐포볶음,
뱅어포구이,side2,740,,30,N,109,10,5,3,뱅어포구이,
새우볶음,side2,630,,30,N,97,10,5,3,새우볶음,
건새우볶음,side2,640,,30,N,99,10,5,3,건새우볶음,
마늘쫑건새우볶음,side2,760,,30,N,93,10,5,3,마늘쫑건새우볶음,
땅콩조림,side2,760,,30,N,103,10,5,3,땅콩조림,
검은콩조림,side2,650,,30,N,109,10,5,3,검은콩조림,
김가루무침,side2,640,,30,N,92,10,5,3,김가루무침,
김자반,side2,730,,30,N,94,10,5,3,김자반,
조미김,side2,730,,30,N,94,10,5,3,조미김,
파래김,side2,700,,30,N,101,10,5,3,파래김,
돌김,side2,700,,30,N,99,10,5,3,돌김,
감태,side2,680,,30,N,109,10,5,3,감태,
야채샐러드,side2,920,,100,N,127,15,2,8,야채샐러드,
그린샐러드,side2,920,,100,N,120,15,2,8,그린샐러드,
양상추샐러드,side2,910,,100,N,126,15,2,8,양상추샐러드,
케이준치킨샐러드,side2,910,,100,N,111,15,2,8,케이준치킨샐러드,
리코타치즈샐러드,side2,1000,,100,Y,118,15,2,8,리코타치즈샐러드,
단호박샐러드,side2,1080,,100,N,116,15,2,8,단호박샐러드,
고구마샐러드,side2,980,,100,N,115,15,2,8,고구마샐러드,
감자샐러드,side2,950,,100,N,113,15,2,8,감자샐러드,
마카로니샐러드,side2,920,,100,N,117,15,2,8,마카로니샐러드,
콘샐러드,side2,1070,,100,N,129,15,2,8,콘샐러드,
게살샐러드,side2,1030,,100,N,123,15,2,8,게살샐러드,
연어샐러드,side2,950,,100,N,119,15,2,8,연어샐러드,
토마토카프레제,side2,990,,100,N,123,15,2,8,토마토카프레제,
과일샐러드,side2,1010,,100,N,117,15,2,8,과일샐러드,
사과샐러드,side2,1030,,100,N,111,15,2,8,사과샐러드,
오리엔탈샐러드,side2,1040,,100,N,128,15,2,8,오리엔탈샐러드,
흑임자샐러드,side2,1000,,100,N,125,15,2,8,흑임자샐러드,
요거트샐러드,side2,1030,,100,N,126,15,2,8,요거트샐러드,
발사믹샐러드,side2,1000,,100,N,112,15,2,8,발사믹샐러드,
포케,side2,910,,100,Y,122,15,2,8,포케,
연어포케,side2,910,,100,Y,117,15,2,8,연어포케,
참치포케,side2,950,,100,Y,124,15,2,8,참치포케,
닭가슴살포케,side2,920,,100,Y,131,15,2,8,닭가슴살포케,
두부포케,side2,930,,100,Y,114,15,2,8,두부포케,
콥샐러드,side2,1030,,100,N,113,15,2,8,콥샐러드,
부라타치즈샐러드,side2,1000,,100,Y,123,15,2,8,부라타치즈샐러드,
시금치나물,side2,460,,50,N,55,8,3,2,시금치나물,
콩나물무침,side2,490,,50,N,55,8,3,2,콩나물무침,
숙주나물,side2,510,,50,N,63,8,3,2,숙주나물,
고사리나물,side2,520,,50,N,59,8,3,2,고사리나물,
도라지나물,side2,510,,50,N,60,8,3,2,도라지나물,
취나물,side2,480,,50,N,59,8,3,2,취나물,
참나물,side2,450,,50,N,64,8,3,2,참나물,
비름나물,side2,470,,50,N,55,8,3,2,비름나물,
유채나물,side2,490,,50,N,62,8,3,2,유채나물,
방풍나물,side2,450,,50,N,63,8,3,2,방풍나물,
세발나물,side2,460,,50,N,63,8,3,2,세발나물,
얼갈이무침,side2,490,,50,N,65,8,3,2,얼갈이무침,
가지무침,side2,450,,50,N,57,8,3,2,가지무침,
가지볶음,side2,470,,50,N,55,8,3,2,가지볶음,
애호박볶음,side2,540,,50,N,62,8,3,2,애호박볶음,
버섯볶음,side2,530,,50,N,64,8,3,2,버섯볶음,
느타리버섯볶음,side2,540,,50,N,64,8,3,2,느타리버섯볶음,
표고버섯볶음,side2,540,,50,N,54,8,3,2,표고버섯볶음,
팽이버섯볶음,side2,530,,50,N,65,8,3,2,팽이버섯볶음,
감자채볶음,side2,510,,50,N,65,8,3,2,감자채볶음,
감자조림,side2,480,,50,N,65,8,3,2,감자조림,
당근볶음,side2,450,,50,N,55,8,3,2,당근볶음,
양파볶음,side2,480,,50,N,64,8,3,2,양파볶음,
마늘쫑볶음,side2,490,,50,N,64,8,3,2,마늘쫑볶음,
마늘쫑무침,side2,520,,50,N,58,8,3,2,마늘쫑무침,
우엉조림,side2,490,,50,N,62,8,3,2,우엉조림,
연근조림,side2,490,,50,N,61,8,3,2,연근조림,
도토리묵무침,side2,510,,50,N,62,8,3,2,도토리묵무침,
청포묵무침,side2,480,,50,N,62,8,3,2,청포묵무침,
오이무침,side2,500,,50,N,62,8,3,2,오이무침,
오이도라지무침,side2,450,,50,N,59,8,3,2,오이도라지무침,
미역줄기볶음,side2,520,,50,N,57,8,3,2,미역줄기볶음,
파래무침,side2,490,,50,N,59,8,3,2,파래무침,
미역초무침,side2,530,,50,N,61,8,3,2,미역초무침,
무생채,side2,470,,50,N,65,8,3,2,무생채,
무나물,side2,510,,50,N,58,8,3,2,무나물,
더덕구이,side2,470,,50,N,61,8,3,2,더덕구이,
더덕무침,side2,510,,50,N,59,8,3,2,더덕무침,
도라지구이,side2,450,,50,N,61,8,3,2,도라지구이,
브로콜리숙회,side2,450,,50,N,61,8,3,2,브로콜리숙회,
양배추찜,side2,540,,50,N,56,8,3,2,양배추찜,
호박잎찜,side2,450,,50,N,62,8,3,2,호박잎찜,
깻잎찜,side2,460,,50,N,56,8,3,2,깻잎찜,
깻잎순볶음,side2,470,,50,N,55,8,3,2,깻잎순볶음,
계란말이,side2,860,,80,N,155,5,10,8,계란말이,
야채계란말이,side2,800,,80,N,143,5,10,8,야채계란말이,
치즈계란말이,side2,860,,80,Y,136,5,10,8,치즈계란말이,
명란계란말이,side2,760,,80,N,145,5,10,8,명란계란말이,
계란찜,side2,810,,80,N,162,5,10,8,계란찜,
뚝배기계란찜,side2,770,,80,N,151,5,10,8,뚝배기계란찜,
푸딩계란찜,side2,780,,80,N,146,5,10,8,푸딩계란찜,
계란후라이,side2,860,,80,N,160,5,10,8,계란후라이,
스크램블에그,side2,830,,80,N,150,5,10,8,스크램블에그,
메추리알장조림,side2,860,,80,N,144,5,10,8,메추리알장조림,
소고기장조림,side2,810,,80,N,136,5,10,8,소고기장조림,
돼지고기장조림,side2,760,,80,N,144,5,10,8,돼지고기장조림,
두부구이,side2,750,,80,N,144,5,10,8,두부구이,
두부조림,side2,730,,80,N,153,5,10,8,두부조림,
두부김치,side2,730,,80,N,160,5,10,8,두부김치,
마파두부,side2,770,,80,N,160,5,10,8,마파두부,
연두부,side2,820,,80,N,158,5,10,8,연두부,
연두부샐러드,side2,740,,80,N,140,5,10,8,연두부샐러드,
순두부양념장,side2,750,,80,N,154,5,10,8,순두부양념장,
건두부무침,side2,750,,80,N,150,5,10,8,건두부무침,
어묵볶음,side2,850,,80,N,149,5,10,8,어묵볶음,
간장어묵볶음,side2,870,,80,N,146,5,10,8,간장어묵볶음,
매운어묵볶음,side2,760,,80,N,143,5,10,8,매운어묵볶음,
어묵조림,side2,730,,80,N,149,5,10,8,어묵조림,
비엔나소시지볶음,side2,810,,80,N,155,5,10,8,비엔나소시지볶음,
소시지야채볶음,side2,870,,80,N,151,5,10,8,소시지야채볶음,
햄구이,side2,860,,80,N,160,5,10,8,햄구이,
스팸구이,side2,740,,80,N,144,5,10,8,스팸구이,
동그랑땡,side2,770,,80,N,135,5,10,8,동그랑땡,
너비아니,side2,850,,80,N,155,5,10,8,너비아니,
떡갈비,side2,800,,80,N,139,5,10,8,떡갈비,
미트볼조림,side2,850,,80,N,144,5,10,8,미트볼조림,
장어강정,side2,770,,80,N,142,5,10,8,장어강정,
치킨너겟,side2,740,,80,N,145,5,10,8,치킨너겟,
용가리치킨,side2,720,,80,N,142,5,10,8,용가리치킨,
팝콘치킨,side2,780,,80,N,138,5,10,8,팝콘치킨,
탕수만두,side2,870,,80,N,141,5,10,8,탕수만두,
군만두,side2,760,,80,N,157,5,10,8,군만두,
물만두,side2,780,,80,N,163,5,10,8,물만두,
찐만두,side2,860,,80,N,138,5,10,8,찐만두,
타코야끼,side2,780,,80,N,155,5,10,8,타코야끼,
멸치볶음,side2,630,,30,N,105,10,5,3,멸치볶음,
잔멸치볶음,side2,720,,30,N,93,10,5,3,잔멸치볶음,
호두멸치볶음,side2,650,,30,N,94,10,5,3,호두멸치볶음,
아몬드멸치볶음,side2,730,,30,N,96,10,5,3,아몬드멸치볶음,
꽈리고추멸치볶음,side2,750,,30,N,101,10,5,3,꽈리고추멸치볶음,
진미채볶음,side2,700,,30,N,105,10,5,3,진미채볶음,
진미채무침,side2,660,,30,N,95,10,5,3,진미채무침,
오징어채볶음,side2,720,,30,N,109,10,5,3,오징어채볶음,
쥐포볶음,side2,750,,30,N,108,10,5,3,쥐포볶음,
뱅어포구이,side2,720,,30,N,97,10,5,3,뱅어포구이,
새우볶음,side2,660,,30,N,99,10,5,3,새우볶음,
건새우볶음,side2,720,,30,N,105,10,5,3,건새우볶음,
마늘쫑건새우볶음,side2,700,,30,N,90,10,5,3,마늘쫑건새우볶음,
땅콩조림,side2,750,,30,N,92,10,5,3,땅콩조림,
검은콩조림,side2,760,,30,N,105,10,5,3,검은콩조림,
김가루무침,side2,700,,30,N,90,10,5,3,김가루무침,
김자반,side2,740,,30,N,107,10,5,3,김자반,
조미김,side2,700,,30,N,108,10,5,3,조미김,
파래김,side2,630,,30,N,102,10,5,3,파래김,
돌김,side2,700,,30,N,92,10,5,3,돌김,
감태,side2,690,,30,N,103,10,5,3,감태,
야채샐러드,side2,1050,,100,N,125,15,2,8,야채샐러드,
그린샐러드,side2,1030,,100,N,119,15,2,8,그린샐러드,
양상추샐러드,side2,950,,100,N,112,15,2,8,양상추샐러드,
케이준치킨샐러드,side2,910,,100,N,128,15,2,8,케이준치킨샐러드,
리코타치즈샐러드,side2,950,,100,Y,131,15,2,8,리코타치즈샐러드,
단호박샐러드,side2,980,,100,N,115,15,2,8,단호박샐러드,
고구마샐러드,side2,1020,,100,N,121,15,2,8,고구마샐러드,
감자샐러드,side2,950,,100,N,130,15,2,8,감자샐러드,
마카로니샐러드,side2,920,,100,N,109,15,2,8,마카로니샐러드,
콘샐러드,side2,1000,,100,N,124,15,2,8,콘샐러드,
게살샐러드,side2,1080,,100,N,130,15,2,8,게살샐러드,
연어샐러드,side2,970,,100,N,124,15,2,8,연어샐러드,
토마토카프레제,side2,1040,,100,N,112,15,2,8,토마토카프레제,
과일샐러드,side2,900,,100,N,125,15,2,8,과일샐러드,
사과샐러드,side2,990,,100,N,114,15,2,8,사과샐러드,
오리엔탈샐러드,side2,930,,100,N,130,15,2,8,오리엔탈샐러드,
흑임자샐러드,side2,1020,,100,N,127,15,2,8,흑임자샐러드,
요거트샐러드,side2,1020,,100,N,120,15,2,8,요거트샐러드,
발사믹샐러드,side2,940,,100,N,109,15,2,8,발사믹샐러드,
포케,side2,990,,100,Y,130,15,2,8,포케,
연어포케,side2,930,,100,Y,114,15,2,8,연어포케,
참치포케,side2,1040,,100,Y,130,15,2,8,참치포케,
닭가슴살포케,side2,910,,100,Y,127,15,2,8,닭가슴살포케,
두부포케,side2,1090,,100,Y,130,15,2,8,두부포케,
콥샐러드,side2,1030,,100,N,114,15,2,8,콥샐러드,
부라타치즈샐러드,side2,1080,,100,Y,124,15,2,8,부라타치즈샐러드,
배추김치,kimchi,270,,40,N,27,5,1,0,배추김치,
포기김치,kimchi,320,,40,N,26,5,1,0,포기김치,
겉절이,kimchi,290,,40,N,23,5,1,0,겉절이,
묵은지,kimchi,280,,40,N,24,5,1,0,묵은지,
볶음김치,kimchi,310,,40,N,24,5,1,0,볶음김치,
백김치,kimchi,320,,40,N,25,5,1,0,백김치,
동치미,kimchi,300,,40,N,23,5,1,0,동치미,
나박김치,kimchi,270,,40,N,27,5,1,0,나박김치,
물김치,kimchi,280,,40,N,22,5,1,0,물김치,
깍두기,kimchi,310,,40,N,23,5,1,0,깍두기,
섞박지,kimchi,300,,40,N,24,5,1,0,섞박지,
총각김치,kimchi,300,,40,N,27,5,1,0,총각김치,
알타리김치,kimchi,290,,40,N,27,5,1,0,알타리김치,
열무김치,kimchi,300,,40,N,26,5,1,0,열무김치,
열무물김치,kimchi,270,,40,N,25,5,1,0,열무물김치,
파김치,kimchi,310,,40,N,24,5,1,0,파김치,
갓김치,kimchi,270,,40,N,22,5,1,0,갓김치,
부추김치,kimchi,310,,40,N,24,5,1,0,부추김치,
오이소박이,kimchi,310,,40,N,24,5,1,0,오이소박이,
오이깍두기,kimchi,320,,40,N,25,5,1,0,오이깍두기,
무말랭이무침,kimchi,320,,40,N,24,5,1,0,무말랭이무침,
깻잎장아찌,kimchi,310,,40,N,23,5,1,0,깻잎장아찌,
마늘장아찌,kimchi,310,,40,N,25,5,1,0,마늘장아찌,
마늘쫑장아찌,kimchi,320,,40,N,25,5,1,0,마늘쫑장아찌,
양파장아찌,kimchi,300,,40,N,27,5,1,0,양파장아찌,
고추장아찌,kimchi,320,,40,N,25,5,1,0,고추장아찌,
매실장아찌,kimchi,290,,40,N,25,5,1,0,매실장아찌,
명이나물,kimchi,290,,40,N,26,5,1,0,명이나물,
단무지,kimchi,300,,40,N,23,5,1,0,단무지,
치킨무,kimchi,280,,40,N,23,5,1,0,치킨무,
피클,kimchi,300,,40,N,25,5,1,0,피클,
할라피뇨,kimchi,280,,40,N,23,5,1,0,할라피뇨,
락교,kimchi,320,,40,N,23,5,1,0,락교,
초생강,kimchi,320,,40,N,26,5,1,0,초생강,
배추김치,kimchi,300,,40,N,26,5,1,0,배추김치,
포기김치,kimchi,280,,40,N,26,5,1,0,포기김치,
겉절이,kimchi,320,,40,N,24,5,1,0,겉절이,
묵은지,kimchi,290,,40,N,23,5,1,0,묵은지,
볶음김치,kimchi,310,,40,N,25,5,1,0,볶음김치,
백김치,kimchi,310,,40,N,26,5,1,0,백김치,
동치미,kimchi,290,,40,N,23,5,1,0,동치미,
나박김치,kimchi,310,,40,N,24,5,1,0,나박김치,
물김치,kimchi,280,,40,N,25,5,1,0,물김치,
깍두기,kimchi,280,,40,N,24,5,1,0,깍두기,
섞박지,kimchi,270,,40,N,24,5,1,0,섞박지,
총각김치,kimchi,270,,40,N,24,5,1,0,총각김치,
알타리김치,kimchi,280,,40,N,25,5,1,0,알타리김치,
열무김치,kimchi,320,,40,N,25,5,1,0,열무김치,
열무물김치,kimchi,290,,40,N,23,5,1,0,열무물김치,
파김치,kimchi,270,,40,N,23,5,1,0,파김치,
갓김치,kimchi,320,,40,N,26,5,1,0,갓김치,
부추김치,kimchi,310,,40,N,27,5,1,0,부추김치,
오이소박이,kimchi,280,,40,N,26,5,1,0,오이소박이,
오이깍두기,kimchi,300,,40,N,24,5,1,0,오이깍두기,
무말랭이무침,kimchi,300,,40,N,22,5,1,0,무말랭이무침,
깻잎장아찌,kimchi,320,,40,N,24,5,1,0,깻잎장아찌,
마늘장아찌,kimchi,280,,40,N,24,5,1,0,마늘장아찌,
마늘쫑장아찌,kimchi,310,,40,N,25,5,1,0,마늘쫑장아찌,
양파장아찌,kimchi,310,,40,N,26,5,1,0,양파장아찌,
고추장아찌,kimchi,300,,40,N,26,5,1,0,고추장아찌,
매실장아찌,kimchi,310,,40,N,23,5,1,0,매실장아찌,
명이나물,kimchi,270,,40,N,23,5,1,0,명이나물,
단무지,kimchi,320,,40,N,25,5,1,0,단무지,
치킨무,kimchi,280,,40,N,26,5,1,0,치킨무,
피클,kimchi,320,,40,N,25,5,1,0,피클,
할라피뇨,kimchi,280,,40,N,23,5,1,0,할라피뇨,
락교,kimchi,270,,40,N,26,5,1,0,락교,
초생강,kimchi,300,,40,N,27,5,1,0,초생강,
배추김치,kimchi,320,,40,N,26,5,1,0,배추김치,
포기김치,kimchi,270,,40,N,22,5,1,0,포기김치,
겉절이,kimchi,270,,40,N,24,5,1,0,겉절이,
묵은지,kimchi,270,,40,N,26,5,1,0,묵은지,
볶음김치,kimchi,290,,40,N,26,5,1,0,볶음김치,
백김치,kimchi,270,,40,N,26,5,1,0,백김치,
동치미,kimchi,320,,40,N,23,5,1,0,동치미,
나박김치,kimchi,270,,40,N,25,5,1,0,나박김치,
물김치,kimchi,320,,40,N,25,5,1,0,물김치,
깍두기,kimchi,280,,40,N,24,5,1,0,깍두기,
섞박지,kimchi,300,,40,N,25,5,1,0,섞박지,
총각김치,kimchi,270,,40,N,26,5,1,0,총각김치,
알타리김치,kimchi,320,,40,N,25,5,1,0,알타리김치,
열무김치,kimchi,300,,40,N,23,5,1,0,열무김치,
열무물김치,kimchi,300,,40,N,26,5,1,0,열무물김치,
파김치,kimchi,270,,40,N,26,5,1,0,파김치,
갓김치,kimchi,310,,40,N,25,5,1,0,갓김치,
부추김치,kimchi,310,,40,N,22,5,1,0,부추김치,
오이소박이,kimchi,300,,40,N,24,5,1,0,오이소박이,
오이깍두기,kimchi,270,,40,N,22,5,1,0,오이깍두기,
무말랭이무침,kimchi,270,,40,N,22,5,1,0,무말랭이무침,
깻잎장아찌,kimchi,300,,40,N,26,5,1,0,깻잎장아찌,
마늘장아찌,kimchi,300,,40,N,26,5,1,0,마늘장아찌,
마늘쫑장아찌,kimchi,280,,40,N,26,5,1,0,마늘쫑장아찌,
양파장아찌,kimchi,310,,40,N,23,5,1,0,양파장아찌,
고추장아찌,kimchi,300,,40,N,22,5,1,0,고추장아찌,
매실장아찌,kimchi,270,,40,N,24,5,1,0,매실장아찌,
명이나물,kimchi,290,,40,N,25,5,1,0,명이나물,
단무지,kimchi,270,,40,N,25,5,1,0,단무지,
치킨무,kimchi,270,,40,N,23,5,1,0,치킨무,
피클,kimchi,280,,40,N,24,5,1,0,피클,
할라피뇨,kimchi,280,,40,N,23,5,1,0,할라피뇨,
락교,kimchi,280,,40,N,25,5,1,0,락교,
초생강,kimchi,310,,40,N,22,5,1,0,초생강,
사과,dessert,840,,100,N,157,30,2,5,사과,
배,dessert,770,,100,N,149,30,2,5,배,
포도,dessert,820,,100,N,152,30,2,5,포도,
귤,dessert,740,,100,N,156,30,2,5,귤,
오렌지,dessert,750,,100,N,143,30,2,5,오렌지,
바나나,dessert,870,,100,N,150,30,2,5,바나나,
수박,dessert,870,,100,N,150,30,2,5,수박,
참외,dessert,850,,100,N,161,30,2,5,참외,
복숭아,dessert,720,,100,N,156,30,2,5,복숭아,
자두,dessert,830,,100,N,141,30,2,5,자두,
딸기,dessert,830,,100,N,138,30,2,5,딸기,
토마토,dessert,720,,100,N,140,30,2,5,토마토,
방울토마토,dessert,740,,100,N,158,30,2,5,방울토마토,
파인애플,dessert,730,,100,N,152,30,2,5,파인애플,
키위,dessert,790,,100,N,156,30,2,5,키위,
망고,dessert,870,,100,N,164,30,2,5,망고,
메론,dessert,860,,100,N,145,30,2,5,메론,
블루베리,dessert,870,,100,N,135,30,2,5,블루베리,
감,dessert,750,,100,N,150,30,2,5,감,
단감,dessert,870,,100,N,149,30,2,5,단감,
홍시,dessert,830,,100,N,144,30,2,5,홍시,
곶감,dessert,780,,100,N,159,30,2,5,곶감,
요구르트,dessert,870,,100,N,141,30,2,5,요구르트,
마시는요구르트,dessert,840,,100,N,160,30,2,5,마시는요구르트,
떠먹는요구르트,dessert,750,,100,N,153,30,2,5,떠먹는요구르트,
플레인요거트,dessert,820,,100,N,142,30,2,5,플레인요거트,
딸기요거트,dessert,730,,100,N,148,30,2,5,딸기요거트,
블루베리요거트,dessert,740,,100,N,142,30,2,5,블루베리요거트,
우유,dessert,810,,100,N,158,30,2,5,우유,
초코우유,dessert,870,,100,N,159,30,2,5,초코우유,
딸기우유,dessert,740,,100,N,161,30,2,5,딸기우유,
바나나우유,dessert,800,,100,N,153,30,2,5,바나나우유,
커피우유,dessert,790,,100,N,164,30,2,5,커피우유,
두유,dessert,840,,100,N,153,30,2,5,두유,
검은콩두유,dessert,830,,100,N,135,30,2,5,검은콩두유,
주스,dessert,810,,100,N,142,30,2,5,주스,
오렌지주스,dessert,760,,100,N,157,30,2,5,오렌지주스,
포도주스,dessert,770,,100,N,163,30,2,5,포도주스,
사과주스,dessert,840,,100,N,146,30,2,5,사과주스,
토마토주스,dessert,870,,100,N,157,30,2,5,토마토주스,
망고주스,dessert,810,,100,N,160,30,2,5,망고주스,
알로에주스,dessert,760,,100,N,148,30,2,5,알로에주스,
매실차,dessert,810,,100,N,135,30,2,5,매실차,
오미자차,dessert,720,,100,N,163,30,2,5,오미자차,
유자차,dessert,810,,100,N,139,30,2,5,유자차,
생강차,dessert,800,,100,N,155,30,2,5,생강차,
모과차,dessert,760,,100,N,154,30,2,5,모과차,
레몬차,dessert,860,,100,N,162,30,2,5,레몬차,
자몽차,dessert,780,,100,N,142,30,2,5,자몽차,
녹차,dessert,850,,100,N,137,30,2,5,녹차,
홍차,dessert,760,,100,N,147,30,2,5,홍차,
둥굴레차,dessert,830,,100,N,147,30,2,5,둥굴레차,
보리차,dessert,790,,100,N,150,30,2,5,보리차,
결명자차,dessert,830,,100,N,155,30,2,5,결명자차,
옥수수수염차,dessert,790,,100,N,146,30,2,5,옥수수수염차,
루이보스차,dessert,730,,100,N,143,30,2,5,루이보스차,
캐모마일차,dessert,760,,100,N,160,30,2,5,캐모마일차,
페퍼민트차,dessert,810,,100,N,155,30,2,5,페퍼민트차,
식혜,dessert,720,,100,N,164,30,2,5,식혜,
수정과,dessert,800,,100,N,150,30,2,5,수정과,
미숫가루,dessert,850,,100,N,147,30,2,5,미숫가루,
화채,dessert,830,,100,N,157,30,2,5,화채,
수박화채,dessert,810,,100,N,135,30,2,5,수박화채,
과일화채,dessert,780,,100,N,142,30,2,5,과일화채,
아이스크림,dessert,750,,100,N,155,30,2,5,아이스크림,
바닐라아이스크림,dessert,860,,100,N,157,30,2,5,바닐라아이스크림,
초코아이스크림,dessert,720,,100,N,146,30,2,5,초코아이스크림,
딸기아이스크림,dessert,730,,100,N,144,30,2,5,딸기아이스크림,
녹차아이스크림,dessert,740,,100,N,138,30,2,5,녹차아이스크림,
팥빙수,dessert,720,,100,N,155,30,2,5,팥빙수,
과일빙수,dessert,830,,100,N,155,30,2,5,과일빙수,
케이크,dessert,780,,100,N,149,30,2,5,케이크,
조각케이크,dessert,830,,100,N,138,30,2,5,조각케이크,
치즈케이크,dessert,770,,100,Y,155,30,2,5,치즈케이크,
초코케이크,dessert,800,,100,N,139,30,2,5,초코케이크,
고구마케이크,dessert,860,,100,N,151,30,2,5,고구마케이크,
생크림케이크,dessert,720,,100,N,156,30,2,5,생크림케이크,
롤케이크,dessert,810,,100,N,156,30,2,5,롤케이크,
카스텔라,dessert,870,,100,N,137,30,2,5,카스텔라,
마카롱,dessert,800,,100,N,138,30,2,5,마카롱,
쿠키,dessert,720,,100,N,158,30,2,5,쿠키,
초코칩쿠키,dessert,790,,100,N,154,30,2,5,초코칩쿠키,
버터쿠키,dessert,800,,100,N,164,30,2,5,버터쿠키,
브라우니,dessert,730,,100,N,147,30,2,5,브라우니,
마들렌,dessert,850,,100,N,145,30,2,5,마들렌,
휘낭시에,dessert,780,,100,N,139,30,2,5,휘낭시에,
에그타르트,dessert,800,,100,N,158,30,2,5,에그타르트,
와플,dessert,720,,100,N,147,30,2,5,와플,
팬케이크,dessert,830,,100,N,146,30,2,5,팬케이크,
도넛,dessert,840,,100,N,153,30,2,5,도넛,
츄러스,dessert,760,,100,N,152,30,2,5,츄러스,
호떡,dessert,760,,100,N,141,30,2,5,호떡,
붕어빵,dessert,720,,100,N,148,30,2,5,붕어빵,
국화빵,dessert,820,,100,N,160,30,2,5,국화빵,
계란빵,dessert,770,,100,N,162,30,2,5,계란빵,
호두과자,dessert,800,,100,N,155,30,2,5,호두과자,
떡,dessert,790,,100,N,154,30,2,5,떡,
꿀떡,dessert,840,,100,N,150,30,2,5,꿀떡,
바람떡,dessert,800,,100,N,159,30,2,5,바람떡,
인절미,dessert,740,,100,N,150,30,2,5,인절미,
절편,dessert,840,,100,N,151,30,2,5,절편,
가래떡,dessert,740,,100,N,153,30,2,5,가래떡,
송편,dessert,810,,100,N,138,30,2,5,송편,
시루떡,dessert,810,,100,N,160,30,2,5,시루떡,
백설기,dessert,870,,100,N,163,30,2,5,백설기,
약식,dessert,760,,100,N,140,30,2,5,약식,
두쫀쿠,dessert,830,,100,Y,147,30,2,5,두쫀쿠,
탕후루,dessert,740,,100,Y,137,30,2,5,탕후루,
요아정,dessert,780,,100,Y,142,30,2,5,요아정,
사과,dessert,840,,100,N,143,30,2,5,사과,
배,dessert,850,,100,N,143,30,2,5,배,
포도,dessert,830,,100,N,142,30,2,5,포도,
귤,dessert,830,,100,N,164,30,2,5,귤,
오렌지,dessert,790,,100,N,153,30,2,5,오렌지,
바나나,dessert,810,,100,N,161,30,2,5,바나나,
수박,dessert,860,,100,N,164,30,2,5,수박,
참외,dessert,850,,100,N,142,30,2,5,참외,
복숭아,dessert,830,,100,N,143,30,2,5,복숭아,
자두,dessert,790,,100,N,141,30,2,5,자두,
딸기,dessert,740,,100,N,139,30,2,5,딸기,
토마토,dessert,840,,100,N,160,30,2,5,토마토,
방울토마토,dessert,800,,100,N,156,30,2,5,방울토마토,
파인애플,dessert,800,,100,N,138,30,2,5,파인애플,
키위,dessert,770,,100,N,141,30,2,5,키위,
망고,dessert,840,,100,N,156,30,2,5,망고,
메론,dessert,820,,100,N,141,30,2,5,메론,
블루베리,dessert,830,,100,N,156,30,2,5,블루베리,
감,dessert,720,,100,N,136,30,2,5,감,
단감,dessert,750,,100,N,161,30,2,5,단감,
홍시,dessert,740,,100,N,135,30,2,5,홍시,
곶감,dessert,830,,100,N,160,30,2,5,곶감,
요구르트,dessert,810,,100,N,136,30,2,5,요구르트,
마시는요구르트,dessert,720,,100,N,164,30,2,5,마시는요구르트,
떠먹는요구르트,dessert,770,,100,N,156,30,2,5,떠먹는요구르트,
플레인요거트,dessert,740,,100,N,154,30,2,5,플레인요거트,
딸기요거트,dessert,720,,100,N,151,30,2,5,딸기요거트,
블루베리요거트,dessert,730,,100,N,151,30,2,5,블루베리요거트,
우유,dessert,840,,100,N,163,30,2,5,우유,
초코우유,dessert,840,,100,N,139,30,2,5,초코우유,
딸기우유,dessert,720,,100,N,135,30,2,5,딸기우유,
바나나우유,dessert,790,,100,N,150,30,2,5,바나나우유,
커피우유,dessert,790,,100,N,160,30,2,5,커피우유,
두유,dessert,770,,100,N,147,30,2,5,두유,
검은콩두유,dessert,750,,100,N,152,30,2,5,검은콩두유,
주스,dessert,820,,100,N,162,30,2,5,주스,
오렌지주스,dessert,850,,100,N,143,30,2,5,오렌지주스,
포도주스,dessert,730,,100,N,159,30,2,5,포도주스,
사과주스,dessert,840,,100,N,146,30,2,5,사과주스,
토마토주스,dessert,810,,100,N,135,30,2,5,토마토주스,
망고주스,dessert,770,,100,N,164,30,2,5,망고주스,
알로에주스,dessert,770,,100,N,163,30,2,5,알로에주스,
매실차,dessert,770,,100,N,161,30,2,5,매실차,
오미자차,dessert,740,,100,N,153,30,2,5,오미자차,
유자차,dessert,830,,100,N,148,30,2,5,유자차,
생강차,dessert,870,,100,N,164,30,2,5,생강차,
모과차,dessert,780,,100,N,138,30,2,5,모과차,
레몬차,dessert,720,,100,N,138,30,2,5,레몬차,
자몽차,dessert,750,,100,N,164,30,2,5,자몽차,
녹차,dessert,780,,100,N,162,30,2,5,녹차,
홍차,dessert,730,,100,N,164,30,2,5,홍차,
둥굴레차,dessert,740,,100,N,152,30,2,5,둥굴레차,
보리차,dessert,810,,100,N,140,30,2,5,보리차,
결명자차,dessert,790,,100,N,149,30,2,5,결명자차,
옥수수수염차,dessert,870,,100,N,135,30,2,5,옥수수수염차,
루이보스차,dessert,850,,100,N,152,30,2,5,루이보스차,
캐모마일차,dessert,800,,100,N,138,30,2,5,캐모마일차,
페퍼민트차,dessert,820,,100,N,153,30,2,5,페퍼민트차,
식혜,dessert,760,,100,N,144,30,2,5,식혜,
수정과,dessert,850,,100,N,149,30,2,5,수정과,
미숫가루,dessert,760,,100,N,136,30,2,5,미숫가루,
화채,dessert,720,,100,N,142,30,2,5,화채,
수박화채,dessert,850,,100,N,138,30,2,5,수박화채,
과일화채,dessert,840,,100,N,140,30,2,5,과일화채,
아이스크림,dessert,850,,100,N,163,30,2,5,아이스크림,
바닐라아이스크림,dessert,770,,100,N,149,30,2,5,바닐라아이스크림,
초코아이스크림,dessert,800,,100,N,159,30,2,5,초코아이스크림,
딸기아이스크림,dessert,780,,100,N,160,30,2,5,딸기아이스크림,
녹차아이스크림,dessert,810,,100,N,142,30,2,5,녹차아이스크림,
팥빙수,dessert,770,,100,N,137,30,2,5,팥빙수,
과일빙수,dessert,780,,100,N,158,30,2,5,과일빙수,
케이크,dessert,820,,100,N,154,30,2,5,케이크,
조각케이크,dessert,820,,100,N,156,30,2,5,조각케이크,
치즈케이크,dessert,850,,100,Y,161,30,2,5,치즈케이크,
초코케이크,dessert,780,,100,N,153,30,2,5,초코케이크,
고구마케이크,dessert,850,,100,N,142,30,2,5,고구마케이크,
생크림케이크,dessert,720,,100,N,164,30,2,5,생크림케이크,
롤케이크,dessert,810,,100,N,144,30,2,5,롤케이크,
카스텔라,dessert,770,,100,N,161,30,2,5,카스텔라,
마카롱,dessert,730,,100,N,164,30,2,5,마카롱,
쿠키,dessert,850,,100,N,147,30,2,5,쿠키,
초코칩쿠키,dessert,830,,100,N,156,30,2,5,초코칩쿠키,
버터쿠키,dessert,860,,100,N,142,30,2,5,버터쿠키,
브라우니,dessert,770,,100,N,152,30,2,5,브라우니,
마들렌,dessert,800,,100,N,158,30,2,5,마들렌,
휘낭시에,dessert,750,,100,N,137,30,2,5,휘낭시에,
에그타르트,dessert,790,,100,N,152,30,2,5,에그타르트,
와플,dessert,830,,100,N,152,30,2,5,와플,
팬케이크,dessert,810,,100,N,137,30,2,5,팬케이크,
도넛,dessert,800,,100,N,137,30,2,5,도넛,
츄러스,dessert,770,,100,N,155,30,2,5,츄러스,
호떡,dessert,740,,100,N,146,30,2,5,호떡,
붕어빵,dessert,840,,100,N,138,30,2,5,붕어빵,
국화빵,dessert,820,,100,N,138,30,2,5,국화빵,
계란빵,dessert,870,,100,N,161,30,2,5,계란빵,
호두과자,dessert,830,,100,N,160,30,2,5,호두과자,
떡,dessert,860,,100,N,156,30,2,5,떡,
꿀떡,dessert,770,,100,N,148,30,2,5,꿀떡,
바람떡,dessert,850,,100,N,138,30,2,5,바람떡,
인절미,dessert,870,,100,N,149,30,2,5,인절미,
절편,dessert,870,,100,N,150,30,2,5,절편,
가래떡,dessert,760,,100,N,164,30,2,5,가래떡,
송편,dessert,870,,100,N,163,30,2,5,송편,
시루떡,dessert,740,,100,N,136,30,2,5,시루떡,
백설기,dessert,810,,100,N,145,30,2,5,백설기,
약식,dessert,800,,100,N,150,30,2,5,약식,
두쫀쿠,dessert,870,,100,Y,143,30,2,5,두쫀쿠,
탕후루,dessert,730,,100,Y,139,30,2,5,탕후루,
요아정,dessert,870,,100,Y,142,30,2,5,요아정,
마라로제찜닭,main1,3500,,250,Y,450,25,35,20,마라로제찜닭,
